urlname,ServingTime,id,NumServing,RecipeName
,4,2,lunch,oriental chicken soup
,4,3,lunch,light vegetable soup
,4,4,lunch,spiced red lentil and vegetable soup
,4,5,dinner,beef provencal casserole
,4,6,lunch,corn fritters with smoked salmon and spinach
,4,7,dinner,"poached chicken breast with soy, ginger and spring onion"
,4,8,dinner,coq au vin
,4,9,dinner,seared tuna with asian greens and soy
,4,10,dinner,cajun fish fillets
,4,11,lunch,ham and vegetable frittata
,4,12,dinner,meatballs in tomato and basil sauce
,4,13,dinner,thai beef salad
,4,14,dinner,barbecued steak with artichoke and herb salad
,4,15,dinner,"chicken, tomato and rosemary hotpot"
,4,16,dinner,"roast beef with beetroot, pumpkin and carrot"
,4,17,lunch,rosemary lamb with olive and feta salad
,4,18,dinner,"roasted chicken with thyme, red onions and butternut pumpkin"
,4,19,lunch,beautiful borscht
,4,20,lunch,salmon salad with tarragon and caper dressing
,4,21,lunch,chicken and leek pie
,4,22,dinner,indian lamb and spinach curry
,4,23,dinner,rosemary and lemon lamb cutlets with baked fennel and red onion
,4,24,dinner,moroccan snapper fillets
,4,25,lunch,"bacon, egg and mushroom bake"
,4,26,dinner,chicken with dijon mustard and white wine
,4,27,dinner,lamb shanks
,4,28,dinner,char-grilled beef fillet with mushrooms and caramelised onion
,dinner,29,4,beef and eggplant cannelloni
,4,30,lunch,chicken caesar salad
,4,31,lunch,portuguese chicken salad with charred lemons
,4,32,lunch,roast beef and beetroot salad
,4,33,dinner,"pork cutlet with avocado, orange and beetroot salad"
,4,34,lunch,thai pork and noodle salad
,4,35,lunch,lemon and chilli chicken skewers
,4,36,dinner,seeded-mustard rack of veal with roasted vegetables
,4,37,dinner,italian lamb casserole
,4,38,dinner,baked rack of lamb with baby vegetables
,4,39,lunch,pumpkin and spinach frittata
,4,40,dinner,greek-style lamb kebabs with tzatziki
,4,41,dinner,polenta-crumbed lamb chops with zucchini and feta
,4,42,dinner,seafood paella
,4,43,lunch,poached beef salad with vietnamese dressing
,4,44,dinner,sesame ocean trout with mixed mushrooms
,4,45,lunch,"chicken, tomato and zucchini pizza"
,4,46,lunch,burger
,4,47,lunch,butternut pumpkin and coriander soup
,4,48,lunch,chicken tortillas with roasted corn salsa
,4,49,dinner,stir-fried chilli plum calamari with crunchy vegetable salad
,4,50,lunch,"beef, spinach and pumpkin salad"
,4,51,lunch,baked mediterranean vegetables with ricotta
,4,52,dinner,"char-grilled salmon with parsley relish, asparagus and pumpkin"
,4,53,lunch,minestrone with meatballs
,4,54,dinner,stir-fried ginger chicken with sesame bok choy
,4,55,dinner,veal rolls in tomato and red wine sauce
,4,56,lunch,warm salad of moroccan lamb with roasted tomatoes
,4,57,lunch,sesame tofu with asian mushrooms
,4,58,lunch,salmon and broccoli tart
,4,59,dinner,steamed salmon with thai sauce
,4,60,dinner,steamed blue-eye cod with spring onions and soy
,4,61,dinner,lamb loin chops with asian coleslaw
,4,62,lunch,pork and onion kebabs
,4,63,lunch,lamb shank soup with gremolata
,4,64,dinner,warm chicken salad
,4,65,dinner,beef and potato pie
,4,66,dinner,steamed bream with lemon and capers
,4,67,lunch,tuna with cannellini bean and basil salad
,4,68,dinner,"beef, shiitake mushroom and snow pea stir-fry"
,4,69,lunch,tandoori chicken salad
,4,70,lunch,"tomatoes stuffed with tuna, basil and spinach"
,4,71,dinner,indian lamb patties
,4,72,dinner,lamb and rosemary sausages
,4,73,lunch,zucchini and mint pie
,4,74,dinner,beef stroganoff
,4,75,dinner,chicken stir-fry with broccoli and capsicum
,4,76,lunch,roast red capsicum and tomato soup
,4,77,dinner,"baked yoghurt chicken with tomato, mint and cucumber salad"
,4,78,dinner,pork loin with tomato and sage
,4,79,dinner,"spiced lamb salad with orange, coriander and red onion"
,4,80,dinner,spiced lamb chops with ratatouille
,4,81,lunch,steak and mushroom pie
,4,82,dinner,fennel-crusted pork fillet with parsnip and baked apple
,4,83,dinner,lemongrass and soy chicken with sugar snap peas and asparagus
,4,84,lunch,spicy lamb burger with tzatziki
,4,85,lunch,stuffed capsicums
,4,86,lunch,lemon tuna patties
,4,88,dinner,lamb saag
,4,90,dinner,lamb biryani
,4,91,lunch,marinated chicken rice paper rolls
,4,93,dinner,soy and ginger beef with broccolini
,4,94,dinner,osso bucco with lemon and parsley
,4,95,lunch,sweet corn and crab soup
,4,96,dinner,barbecued swordfish with charred mediterranean vegetables and olives
,4,97,dinner,tandoori chicken with garlic spinach
,4,98,dinner,stir-fried king prawns
,lunch,99,4,baked mushrooms with goat cheese and watercress
,4,100,dinner,veal scaloppine with caponata
,4,101,dinner,"veal escalopes with fennel, spinach and olives"
,4,102,dinner,roast leg of lamb with rosemary and garlic
,4,103,dinner,fish stew with tomato and basil
,4,104,dinner,sichuan pepper sirloin with broccoli and capsicum
,4,105,dinner,beef and vegetable pasta bake
,4,106,dinner,lamb kofta with tomato salad
,4,107,dinner,classic roast beef
,1,108,lunch,"baked potato with ham, rosemary and cheddar"
,4,109,dinner,marinated chicken with steamed greens
,4,110,dinner,coriander and chilli lamb kebabs
,4,111,dinner,"baked chicken breast stuffed with parsley, lemon and pine nuts"
,4,112,lunch,sang choy bow
,4,113,lunch,greek salad
,4,114,dinner,italian lamb meatloaf
,4,115,dinner,spiced lamb fillets with broccolini
,4,116,dinner,"baked snapper with basil, capers and tomato"
,4,117,lunch,open steak sandwich
http://food52.com/recipes/25865-pasta-e-ceci-pasta-with-chickpeas,person,118,4,Pasta e Ceci (Pasta with Chickpeas)
http://food52.com/recipes/3639-spinach-and-pasta-salad-with-pesto,person,119,4,Spinach and Pasta Salad with Pesto
http://food52.com/recipes/24001-spicy-eggplant-pasta,person,120,4,Spicy Eggplant Pasta
http://food52.com/recipes/18335-summer-weekend-pasta,person,121,4,Summer Weekend Pasta
http://food52.com/recipes/9080-mussels-marinara-with-angel-hair-pasta,person,122,2,Mussels Marinara with Angel Hair Pasta
http://food52.com/recipes/3749-italian-rice-pie,person,123,8,Italian Rice Pie 
http://food52.com/recipes/25619-classic-italian-panettone,serving,124,2,Classic italian Panettone
http://food52.com/recipes/25919-one-pot-pastalaya,person,125,6,One-Pot Pastalaya
http://food52.com/recipes/656-italian-apple-cake,[u'Serves\xa0cold '],126,0,Italian Apple Cake
http://food52.com/recipes/24707-goat-cheese-pasta-with-caramelized-onions-and-roasted-butternut-squash,person,127,4,Goat Cheese Pasta with Caramelized Onions and Roasted Butternut Squash
http://food52.com/recipes/23175-lemon-dill-orzo-pasta-salad-with-cucumbers-olives-feta,person,128,8,"Lemon-Dill Orzo Pasta Salad with Cucumbers, Olives & Feta  "
http://food52.com/recipes/5562-avocado-basil-pesto-pasta,person,129,6,Avocado Basil Pesto Pasta
http://food52.com/recipes/264-the-not-barefoot-contessa-s-fish-pasta,person,130,4,The (Not Barefoot) Contessa's Fish Pasta 
http://food52.com/recipes/12763-casatiello-napoletano-stuffed-italian-bread,serving,131,1,Casatiello Napoletano - Stuffed Italian Bread
http://food52.com/recipes/19241-incredible-italian-ham-and-cheese-sandwich,serving,132,2,Incredible Italian Ham and Cheese Sandwich
http://food52.com/recipes/25289-cindy-mushet-s-italian-jam-shortbread-tart-fregolotta,person,133,8,Cindy Mushet's Italian Jam Shortbread Tart (Fregolotta)
http://food52.com/recipes/4594-salmon-pasta,person,134,4,Salmon Pasta
http://food52.com/recipes/9118-simple-pasta-with-leeks-and-scallops,person,135,2,Simple Pasta with Leeks and Scallops
http://food52.com/recipes/26266-buckwheat-pasta-with-potatoes-and-swiss-chard,person,136,3,Buckwheat Pasta with Potatoes and Swiss Chard
http://food52.com/recipes/22525-italian-snacking-bread,serving,137,1,Italian Snacking Bread
http://food52.com/recipes/20605-pasta-piselli,person,138,2,Pasta Piselli
http://food52.com/recipes/2675-italian-chicken-cutlet-sandwich-with-broccoli-rabe-and-provolone,serving,139,4,Italian Chicken Cutlet Sandwich with Broccoli Rabe and Provolone
http://food52.com/recipes/21584-lemony-asparagus-pasta-with-mushrooms-and-herbed-ricotta,person,140,4,Lemony Asparagus Pasta with Mushrooms and Herbed Ricotta
http://food52.com/recipes/11826-pasta-fagioli-hearty-bean-soup,person,141,8,Pasta Fagioli-Hearty Bean Soup
http://food52.com/recipes/11823-beans-and-greens-soup-with-a-little-italian-sausage,serving,142,3,Beans and Greens Soup (With a Little Italian Sausage)
http://food52.com/recipes/5409-zucchini-and-green-coriander-pasta,person,143,4,Zucchini and Green Coriander Pasta
http://food52.com/recipes/24867-diane-kochilas-pasta-with-yogurt-and-caramelized-onions,person,144,4,Diane Kochilas' Pasta with Yogurt and Caramelized Onions
http://food52.com/recipes/25425-italian-lemon-ricotta-biscotti,serving,145,36,italian lemon & ricotta biscotti
http://food52.com/recipes/25692-olive-oil-poached-eggs-with-italian-chicories-and-speck,person,146,4,Olive Oil Poached Eggs with Italian Chicories and Speck
http://food52.com/recipes/899-down-and-dirty-pasta-e-ceci,person,147,4,Down and Dirty Pasta e Ceci 
http://food52.com/recipes/5972-pasta-carbonara-w-fresh-green-beans,person,148,2,Pasta Carbonara w/ Fresh Green Beans
http://food52.com/recipes/7637-pasta-al-forno-with-pumpkin-and-pancetta,person,149,6,Pasta Al Forno with Pumpkin and Pancetta
http://food52.com/recipes/13295-italian-tuna-and-farro-salad,person,150,2,Italian Tuna and Farro Salad
http://food52.com/recipes/20052-italian-focaccia-and-four-topping-ideas,serving,151,4,Italian Focaccia and Four Topping Ideas
http://food52.com/recipes/3576-pasta-with-leeks-peas-parmesan-and-a-fried-egg,person,152,1,"Pasta with Leeks, Peas, Parmesan, and a Fried Egg"
http://food52.com/recipes/13855-italian-sausage-and-ratatouille-sub,serving,153,6,Italian Sausage and Ratatouille Sub
http://food52.com/recipes/15517-italian-style-boule,serving,154,2,Italian Style Boule
http://food52.com/recipes/3751-italian-pignoli-pine-nut-cookies,serving,155,30,Italian Pignoli (Pine Nut) Cookies
http://food52.com/recipes/25751-spicy-sausage-chickpea-kale-and-pasta-soup,person,156,4,"spicy sausage, chickpea, kale, and pasta soup"
http://food52.com/recipes/16471-italian-celery-and-mushroom-salad,person,157,4,Italian Celery and Mushroom Salad 
http://food52.com/recipes/2730-baked-pasta-and-rolls-with-feta-sundried-tomatoes-and-thyme,person,158,3,"Baked Pasta and Rolls with Feta, Sundried Tomatoes and Thyme"
http://food52.com/recipes/3754-italian-wine-biscuits,person,159,30,Italian Wine Biscuits
http://food52.com/recipes/12174-orange-cucumber-lemon-thyme-italian-soda,serving,160,3,"Orange, Cucumber & Lemon Thyme Italian Soda "
http://food52.com/recipes/6581-pasta-with-red-pepper-sauce-sausage-and-shrimp,person,161,4,"Pasta with Red Pepper Sauce, Sausage, and Shrimp"
http://food52.com/recipes/12809-italian-style-potato-salad-with-garlic-lemon-and-olive-oil,[u'Serves\xa0at least four picnickers'],162,0,"Italian-Style Potato Salad with Garlic, Lemon and Olive Oil"
http://food52.com/recipes/14587-italian-braised-fennel-and-leeks,serving,163,4,Italian Braised Fennel and Leeks
http://food52.com/recipes/7814-french-baguette-with-parmigiano-reggiano-cheese-italian-organic-fig-preserve-and-balsamic-glaze,person,164,14,"French baguette, with Parmigiano Reggiano Cheese, Italian Organic Fig preserve and Balsamic Glaze"
http://food52.com/recipes/13856-sun-gold-tomato-pasta,person,165,4,Sun Gold Tomato Pasta
http://food52.com/recipes/6267-meatballs-emilia-romagna-with-pasta-sheets,person,166,4,Meatballs Emilia-Romagna with Pasta Sheets
http://food52.com/recipes/14284-lavender-and-coconut-layer-cake-with-lavender-italian-meringue-frosting-aka-my-favorite-birthday-cake,person,167,15,Lavender and Coconut Layer Cake with Lavender Italian Meringue Frosting (aka my favorite birthday cake!)
http://food52.com/recipes/9121-za-atar-spiced-fish-pasta-with-spinach,person,168,2,Za'atar Spiced Fish Pasta with Spinach
http://food52.com/recipes/4158-lemony-pasta-with-asparagus,person,169,2,Lemony Pasta with Asparagus
http://food52.com/recipes/25831-slow-braised-short-rib-pasta,person,170,4,Slow-Braised Short Rib Pasta
http://food52.com/recipes/20053-italian-pignoli-cookie,serving,171,24,Italian Pignoli Cookie
http://food52.com/recipes/1773-chocolate-and-cabernet-sauvignon-italian-cake,person,172,6,Chocolate and Cabernet Sauvignon Italian Cake
http://food52.com/recipes/18101-creamy-minted-salmon-pasta-salad,person,173,6,Creamy Minted Salmon Pasta Salad
http://food52.com/recipes/21294-mussels-with-fennel-italian-sausage-pernod,person,174,2,"Mussels with Fennel, Italian Sausage & Pernod"
http://food52.com/recipes/17723-swiss-chard-and-lemon-ricotta-pasta,person,175,4,Swiss Chard and Lemon Ricotta Pasta
http://food52.com/recipes/9101-shrimp-and-scallops-in-saffron-cream-with-black-pasta,person,176,4,Shrimp and Scallops in Saffron Cream with Black Pasta
http://food52.com/recipes/23244-summer-raw-pasta-sauce-with-spaghetti,person,177,2,Summer Raw Pasta Sauce with Spaghetti
http://food52.com/recipes/18283-pasta-tonnato-salad,[u'Makes\xa0a huge bowl and serves many'],178,0,Pasta Tonnato Salad
http://food52.com/recipes/5104-italian-sliders,person,179,18,Italian Sliders
http://food52.com/recipes/8291-italian-cheese-and-pancetta-mini-muffins,serving,180,24,Italian Cheese and Pancetta Mini-Muffins
http://food52.com/recipes/1713-sweet-potato-goat-cheese-and-sage-pasta-pile-up,person,181,8,"Sweet Potato, Goat Cheese and Sage Pasta Pile-up"
http://food52.com/recipes/21935-grilled-italian-flatbread-with-sausage-broccoli-rabe-and-lemon-chili-ricotta,serving,182,6,"Grilled Italian Flatbread with Sausage, Broccoli Rabe, and Lemon-Chili Ricotta"
http://food52.com/recipes/14678-simmered-italian-sausage-and-meatballs,person,183,8,Simmered Italian Sausage and Meatballs
http://food52.com/recipes/12636-the-italian,person,184,4,The Italian 
http://food52.com/recipes/2589-inside-out-squash-ravioli-pasta,person,185,1,Inside-Out Squash Ravioli Pasta
http://food52.com/recipes/9056-shrimp-pasta-in-a-goat-cheese-and-pine-nut-sauce,person,186,4,Shrimp Pasta in a Goat Cheese and Pine Nut Sauce 
http://food52.com/recipes/26531-zuni-s-pasta-with-preserved-tuna,person,187,4,Zuni's Pasta with Preserved Tuna
http://food52.com/recipes/18506-italian-meatloaf-sliders,serving,188,20,Italian Meatloaf Sliders
http://food52.com/recipes/13962-pesto-pasta-salad-with-heirloom-tomatoes-and-mozzarella,person,189,16,Pesto Pasta Salad with Heirloom Tomatoes and Mozzarella
http://food52.com/recipes/13891-italian-sausage-sandwiches-with-spicy-grilled-peppers-and-fennel-onion-mustard,person,190,4,"Italian ""Sausage"" Sandwiches with Spicy Grilled Peppers and Fennel-Onion Mustard"
http://food52.com/recipes/11571-italian-calamari-salad,person,191,2,Italian Calamari Salad
http://food52.com/recipes/16259-mediterranean-inspired-tuna-pasta-salad,person,192,2,Mediterranean-Inspired Tuna Pasta Salad
http://food52.com/recipes/24519-italian-meringue-frosting,[u'Makes\xa0enough frosting to fill and ice 1 10-inch layer cake'],193,0,Italian Meringue Frosting
http://food52.com/recipes/26134-torta-al-testo-italian-flatbread-with-rucola-and-mozzarella,person,194,6,Torta al Testo - Italian Flatbread with Rucola and Mozzarella
http://food52.com/recipes/6850-zesty-italian-wings,person,195,3,Zesty Italian Wings
http://food52.com/recipes/21623-vernal-greens-pasta-with-seared-scallops,person,196,4,Vernal Greens Pasta with Seared Scallops
http://food52.com/recipes/985-crostata-di-marmelatta-di-fico-fig-jam-italian-pie,person,197,6,Crostata di Marmelatta di Fico - Fig Jam Italian Pie
http://food52.com/recipes/11830-italian-bread-soup-ribollita,serving,198,7,Italian Bread Soup...Ribollita
http://food52.com/recipes/10516-eggplant-caponata-pasta-salad-vegan,[u'Makes\xa0a lot'],199,0,Eggplant Caponata Pasta Salad (Vegan)
http://food52.com/recipes/4118-pasta-with-prosciutto-snap-peas-mint-and-cream,person,200,4,"Pasta with Prosciutto, Snap Peas, Mint and Cream"
http://food52.com/recipes/9460-grandma-dilaura-s-italian-ricotta-gnocchi,person,201,4,Grandma DiLaura's Italian Ricotta Gnocchi
http://food52.com/recipes/1447-italian-chicken-chili,person,202,4,Italian Chicken Chili
http://food52.com/recipes/6925-my-italian-tuna-salad,serving,203,2,My Italian Tuna Salad
http://food52.com/recipes/4442-tex-italian-pizza-for-two,person,204,2,Tex-Italian Pizza for Two
http://food52.com/recipes/16360-pasta-con-sarde,person,205,4,Pasta con Sarde
http://food52.com/recipes/15583-weeknight-pasta-with-caramelized-cabbage-sage-infused-brown-butter-and-walnuts,person,206,2,"Weeknight Pasta with Caramelized Cabbage, Sage Infused Brown Butter and Walnuts"
http://food52.com/recipes/26112-pane-d-altamura-rustic-italian-bread,serving,207,1,Pane d' Altamura (rustic italian bread)
http://food52.com/recipes/19608-italian-wedding-soup-with-turkey-meatballs,person,208,4,Italian Wedding Soup with Turkey Meatballs
http://food52.com/recipes/19976-conchiglie-con-cavolfiore-shell-pasta-with-cauliflower,person,209,2,Conchiglie con Cavolfiore (Shell Pasta with Cauliflower) 
http://food52.com/recipes/13473-fresh-tomato-and-roasted-poblano-pepper-pasta,person,210,4,Fresh Tomato and Roasted Poblano Pepper Pasta
http://food52.com/recipes/11045-chanterelle-pasta,person,211,2,Chanterelle Pasta
http://food52.com/recipes/5672-lemon-leek-and-basil-sauce-for-seafood-chicken-or-pasta,person,212,4,"Lemon, Leek, and Basil Sauce (for seafood, chicken, or pasta)"
http://food52.com/recipes/18357-blt-pasta-salad,serving,213,1,BLT Pasta Salad
http://food52.com/recipes/22736-stinging-nettle-pasta,person,214,4,Stinging Nettle Pasta
http://food52.com/recipes/9494-italian-rice-salad-with-radicchio-taleggio-cheese-and-olive-vinaigrette,person,215,4,"Italian Rice Salad with Radicchio, Taleggio Cheese and Olive Vinaigrette"
http://food52.com/recipes/17442-rustic-italian-lemon-cake,serving,216,10,Rustic Italian Lemon Cake
http://food52.com/recipes/2184-traditional-italian-almond-biscotti,serving,217,36,Traditional Italian Almond Biscotti
http://food52.com/recipes/6090-tarte-aux-quetsches-italian-plum-tart,person,218,6,Tarte aux Quetsches (Italian Plum Tart)
http://food52.com/recipes/2661-sicilian-sardine-and-broccoli-rabe-pasta,person,219,2,Sicilian Sardine and Broccoli Rabe Pasta
http://food52.com/recipes/5149-italian-calzone-with-asaigo-and-olive-oil-crust,person,220,4,Italian calzone with asaigo and olive oil crust
http://food52.com/recipes/26319-pici-pasta-with-dandelion-greens,person,221,2,Pici Pasta with Dandelion Greens
http://food52.com/recipes/25832-italian-texan-white-bean-stew,person,222,6,Italian-Texan White Bean Stew
http://food52.com/recipes/4671-spring-pasta-salad,person,223,2,Spring Pasta Salad
http://food52.com/recipes/5174-mediterranean-country-pasta-salad-with-fresh-herbs,person,224,6,Mediterranean Country Pasta Salad with fresh Herbs
http://food52.com/recipes/18892-pasta-with-tomatoes-garlic-basil-and-brie,person,225,6,"Pasta with Tomatoes, Garlic, Basil and Brie"
http://food52.com/recipes/10380-baked-italy,person,226,2,Baked Italy
http://food52.com/recipes/10348-italian-sweet-cream-citrus-tart,person,227,6,Italian Sweet Cream Citrus Tart
http://food52.com/recipes/17909-guac-italiano-hot-dog-the-go-to-hot-dog-from-chile-spiced-up-a-bit,serving,228,4,Guac Italiano Hot Dog -  the Go-To hot dog from Chile spiced up a bit.
http://food52.com/recipes/2773-baked-pasta-with-cauliflower-and-chard,person,229,4,Baked Pasta with Cauliflower and Chard 
http://food52.com/recipes/5822-ground-beef-cutlet-italian-style,person,230,4,Ground Beef Cutlet Italian style 
http://food52.com/recipes/7010-pasta-with-cauliflower-and-red-wine,person,231,1,Pasta with Cauliflower and Red Wine
http://food52.com/recipes/7470-castagnaccio-italian-chestnut-cake,[u'Serves\xa0many'],232,0,Castagnaccio (Italian Chestnut Cake)
http://food52.com/recipes/13056-italian-summer-with-raspberries,[u'Makes\xa0a little more than 1 pint (about 2 1/2 cups)'],233,0,Italian Summer with Raspberries
http://food52.com/recipes/22090-craig-claiborne-s-pasta-con-asparagi,person,234,8,Craig Claiborne's Pasta con Asparagi
http://food52.com/recipes/5652-chilled-pasta-salad-with-chicken-pears-blue-cheese-and-basil,person,235,4,"Chilled Pasta Salad with Chicken, Pears, Blue Cheese, and Basil"
http://food52.com/recipes/15941-spinach-and-feta-pasta,serving,236,4,Spinach and Feta Pasta
http://food52.com/recipes/11513-pasta-un-carbonara,person,237,6,Pasta Un-Carbonara
http://food52.com/recipes/14821-italian-polenta-cookies,serving,238,2,Italian Polenta Cookies
