tagclass_id,Tag,recipename_id,id,Weight
313,oriental,2,1,2
463,chicken,2,2,2
168,soup,2,3,1
359,notfeelingwell,2,4,1
857,sick,2,5,1
376,asianchickensoup,2,6,1
704,bestsoup,2,7,1
73,asiandinner,2,8,1
133,Chinesefood,2,9,1
443,asiansoup,2,10,1
502,wintermelonsoup,2,11,1
76,wintermelon,2,12,1
577,ilovetocook,2,13,1
575,chickensoup,2,15,1
181,tastysoup,2,17,1
28,yummy,2,20,1
814,spicy,2,21,1
640,veryspicy,2,22,1
108,healthy,2,23,1
834,chickenstirfry,2,24,1
701,Homemade,2,25,1
376,AsianChickenSoup,2,26,1
740,ComfortFood,2,27,1
53,khmerchickensoup,2,28,1
473,cambodianchickensoup,2,29,1
65,spicyfishsauce,2,31,1
240,fishsauce,2,33,1
266,food,2,34,1
607,ilovetoeat,2,35,1
627,fatkid,2,36,1
276,fatkidstatus,2,37,1
393,beautyandthebeast,2,38,1
569,belle,2,39,1
503,bestsoupever,2,40,1
260,delicious,2,41,1
436,amazing,2,42,1
824,vegetable,3,43,1
168,soup,3,44,1
779,carrot,3,45,1
466,celery,3,46,1
708,onion,3,47,1
587,parsley,3,48,1
593,basil,3,49,1
220,tomato,3,50,1
287,rosemary,3,51,1
824,vegetable,4,52,1
168,soup,4,53,1
311,lentil,4,54,1
814,spicy,4,55,1
674,olive oil,4,56,1
779,carrot,4,57,1
346,garlic,4,58,1
407,ginger,4,59,1
369,masala,4,60,1
337,chilli,4,61,1
220,tomato,4,62,1
746,pepper,4,63,1
821,coriander,4,64,1
587,parsley,4,65,1
144,yoghurt,4,66,1
175,beef casserole,5,67,1
584,beef,5,68,1
674,olive oil,5,69,1
600,mushrooms,5,70,1
346,garlic,5,71,1
267,flour,5,72,1
220,tomato,5,73,1
234,wine,5,74,1
619,capsicum,5,75,1
587,parsley,5,76,1
720,oregano,5,77,1
482,corn fritters,6,78,1
428,salmon,6,79,1
805,wholemeal,6,80,1
872,wholegrain bread,6,81,1
233,eggs,6,82,1
589,buttermilk,6,83,1
19,corn cobs,6,84,1
708,onion,6,85,1
587,parsley,6,86,1
746,pepper,6,87,1
280,lemon juice,6,88,1
144,yoghurt,6,89,1
821,coriander,6,90,1
674,olive oil,6,91,1
363,spinach,6,93,1
463,chicken,7,94,1
322,soy sauce,7,95,1
583,poached chickenginger,7,96,1
407,ginger,7,97,1
708,onion,7,98,1
188,dry sherry,7,99,1
821,coriander,7,100,1
204,coq au vin,8,101,1
598,coq,8,102,1
674,olive oil,8,103,1
121,vin,8,104,1
68,bacon,8,105,1
708,onion,8,106,1
346,garlic,8,107,1
463,chicken,8,108,1
234,wine,8,109,1
317,chicken stock,8,110,1
220,tomato,8,111,1
379,cornflour,8,112,1
600,mushrooms,8,113,1
493,beans,8,114,1
587,parsley,8,115,1
515,seared,9,116,2
660,tuna,9,117,2
10,asian,9,118,2
229,greens,9,119,2
788,soy,9,120,2
614,searedtuna,9,121,1
634,protein,9,122,1
324,fitfood,9,123,1
108,healthy,9,124,1
540,brainfood,9,125,1
663,searedsalmon,9,126,1
629,sushi,9,127,1
612,brunch,9,129,1
116,love,9,130,1
271,wasabi,9,131,1
346,garlic,9,132,1
670,cheese,9,133,1
101,asianfusion,9,135,1
5,goodfood,9,136,1
213,tunasushi,9,137,1
404,tunatartar,9,138,1
345,yum,9,140,1
28,yummy,9,141,1
275,ftgreenesushi,9,142,1
517,cajun,10,143,2
303,fish,10,144,2
77,spaghetti,10,145,1
750,corn,10,146,1
330,cajunFishFillets,10,147,1
766,texastoast,10,148,1
331,vegetablefrittata,11,149,2
685,ham,11,150,2
423,zucchini,11,151,2
824,vegetables,11,152,1
436,amazing,11,153,1
752,eatwell,11,154,1
320,health,11,155,1
345,yum,11,156,1
406,meatballs,12,158,1
220,tomato,12,159,1
593,basil,12,160,1
461,tomato sauce,12,161,1
584,beef,12,162,1
233,eggs,12,163,1
720,oregano,12,164,1
708,onion,12,165,1
587,parsley,12,166,1
504,sauce,12,167,1
674,olive oil,12,168,1
346,garlic,12,169,1
746,pepper,12,170,1
385,thai,13,171,2
584,beef,13,172,2
164,salad,13,173,2
867,thaibeefsalad,13,174,2
274,lunch,13,175,1
266,food,13,176,1
449,hungry,13,177,1
108,healthy,13,178,1
669,kungfu,13,180,1
11,thaifood,13,181,1
88,spicylevel7,13,183,1
254,sospicy,13,184,1
494,holdthecarbs,13,187,1
54,yumnuea,13,189,1
350,southeastasiansalads,13,190,1
59,wheatfree,13,191,1
122,carbfree,13,192,1
96,glutenfree,13,193,1
409,nourish,13,195,1
174,cleaneating,13,196,1
721,wholefoods,13,197,1
345,yum,13,198,1
97,foodlove,13,199,1
769,dinner,13,203,1
60,barbecued,14,204,2
509,steak,14,205,2
312,artichoke,14,206,2
202,herb salad,14,207,2
14,rucola,14,208,1
256,avocado,14,209,1
186,steakwithsalad ,14,210,1
82,pannacotta ,14,211,1
736,rasberry,14,212,1
719,turkishpepper ,14,213,1
28,yummy,14,214,1
463,chicken,15,215,1
674,olive oil,15,216,1
779,carrots,15,217,1
220,tomato,15,218,1
466,celery,15,219,1
346,garlic,15,220,1
287,rosemary,15,222,1
587,parsley,15,223,1
860,leek,15,224,1
689,roast beef,16,225,2
582,beetroot,16,226,2
483,pumpkin,16,227,2
779,carrot,16,228,2
584,beef,16,229,1
745,knife,16,230,1
70,chef,16,231,1
825,cooker,16,232,1
579,chefknife,16,233,1
93,wasabiknife,16,234,1
755,mucca,16,235,1
444,sale,16,236,1
148,rosmarino,16,237,1
446,aglio,16,238,1
843,rosemarylamb,17,239,2
265,feta,17,240,2
722,olive,17,241,2
108,healthy,17,242,1
623,lunchtime,17,243,1
881,fresh,17,244,1
174,cleaneating,17,245,1
505,low-fat,17,246,1
616,pesto,17,247,1
806,roasted chicken,18,249,2
284,thyme,18,250,2
708,onions,18,251,2
246,butternut,18,252,2
483,pumpkin,18,253,1
187,instadinner,18,254,1
785,instantfood,18,255,1
329,gorgeous,18,256,1
294,roast,18,257,1
807,roastedchicken,18,258,1
463,chicken,18,259,1
294,roasted,18,260,1
28,yummy,18,262,1
611,sharefood,18,263,1
211,foodporn,18,264,1
816,eat,18,265,1
875,streetfood,18,266,1
634,protein,18,267,1
531,borscht,19,268,2
98,healthandfitness,19,269,1
554,foodideas,19,270,1
266,food,19,271,1
701,homemade,19,272,1
434,beautifulborscht,19,273,2
402,yumyum,19,274,1
224,fiveservesofveg ,19,275,1
590,beets,19,276,1
326,red,19,277,1
877,cabbage,19,278,1
835,dill,19,279,1
346,garlic,19,280,1
547,protective,19,281,1
522,healthydelicious,19,282,1
428,salmon,20,283,1
164,salad,20,284,1
874,salmon salad,20,285,1
81,tarragon,20,286,1
91,caper,20,287,1
493,beans,20,288,1
220,tomato,20,289,1
708,onion,20,290,1
787,lettuce,20,291,1
195,dressing,20,292,1
280,lemon juice,20,293,1
674,olive oil,20,294,1
463,chicken,21,295,1
860,leek,21,296,1
605,pie,21,297,1
674,olive oil,21,298,1
466,celery,21,299,1
81,tarragon,21,300,1
379,cornflour,21,301,1
371,white wine,21,302,1
587,parsley,21,303,1
744,peas,21,304,1
15,milk,21,305,1
87,indian,22,306,2
190,lamb,22,307,2
363,spinach,22,308,2
765,curry,22,309,1
92,aftersport,22,310,1
107,cinnamon,22,311,1
228,mango,22,312,1
403,boston,22,313,1
665,indianlamb,22,314,1
287,rosemary,23,315,1
851,lemon,23,316,1
566,lamb cutlets,23,317,1
364,baked fennel,23,318,1
708,onion,23,319,1
190,lamb,23,320,1
460,fennel,23,321,1
674,olive oil,23,322,1
508,Marinade,23,323,1
81,tarragon,23,324,1
587,parsley,23,325,1
280,lemon juice,23,326,1
457,moroccan,24,327,1
753,snapper,24,328,1
647,snapper fillets,24,329,1
674,olive oil,24,330,1
746,pepper,24,331,1
821,coriander,24,332,1
212,cardamom,24,333,1
107,cinnamon,24,334,1
346,garlic,24,335,1
587,parsley,24,336,1
851,lemon,24,337,1
429,baconeggmushroom,25,338,2
248,latte,25,339,2
26,cuppa,25,340,2
194,topbf,25,341,1
273,break,25,342,1
796,happy,25,343,1
492,brekki,25,344,1
106,dry,25,345,1
258,fryup,25,346,1
463,chicken,26,348,2
3,dijon mustard,26,349,2
371,white wine,26,350,2
581,chickenwithmustard,26,351,1
110,friedsquash,26,352,1
585,mashedtators,26,353,1
826,healthydinner,26,354,1
9,nocarbs,26,355,1
545,foodcoma,26,356,1
211,foodporn,26,357,1
726,foodheaven,26,358,1
526,instafood,26,359,1
135,stirfry,26,360,1
411,fuckyeah,26,362,1
440,igdaily,26,363,1
370,potd,26,364,1
769,dinner,26,365,1
164,salad,26,366,1
220,tomatos,26,367,1
100,mozzarella,26,368,1
119,radish,26,371,1
28,yummie,26,372,1
260,delicious,26,373,1
676,loveit,26,374,1
320,health,26,375,1
108,healthy,26,376,1
253,fit,26,379,1
253,fitness,26,380,1
633,motivation,26,381,1
345,yum,26,382,1
90,healthyfood,26,384,1
661,broccoli,26,386,1
190,lamb,27,387,2
810,shanks,27,388,2
733,dairyfree,27,389,1
59,wheatfree,27,390,1
96,glutenfree,27,391,1
620,grainfree,27,392,1
425,sugarfree,27,393,1
635,goodfats,27,394,1
634,protein,27,395,1
500,organic,27,396,1
223,slowfood,27,397,1
160,slowcooked,27,398,1
759,lambshanks,27,399,1
279,freerangechicken,27,400,1
487,organicchicken,27,401,1
859,fermented,27,402,1
308,eatyourgreens,27,403,1
360,eattherainbow,27,404,1
152,thesuveran,27,405,1
549,buorganics,27,406,1
17,petemelov,27,407,1
774,gordonramsey,27,408,1
599,shepardspie,27,410,1
123,meaty,27,411,1
345,yum,27,412,1
28,yummy,27,413,1
837,tasty,27,414,1
347,foodoftheday,27,415,1
570,lasvegas,27,416,1
545,foodcoma,27,417,1
878,mash,27,418,1
705,mashpotato,27,419,1
430,grilledbeeffillet,28,420,2
584,beef,28,421,2
600,mushroom,28,422,2
708,onion,28,423,1
129,memorable,28,424,1
289,worldclass,28,425,1
613,bestseller,28,426,1
162,grilled,28,427,1
584,beef,29,429,1
561,eggplant,29,430,1
207,cannelloni,29,431,1
674,olive oil,29,432,1
708,onion,29,433,1
346,garlic,29,434,1
220,tomato,29,435,1
363,spinach,29,436,1
746,pepper,29,437,1
12,parmesan,29,438,1
463,chicken,30,439,2
420,caesar,30,440,2
164,salad,30,441,2
302,chickencaesarsalad,30,442,1
586,bbqchicken,30,443,1
234,wine,30,444,1
179,sogood,30,446,1
439,wildflowerbreadcompany,30,447,1
43,sisterandbrother,30,448,1
839,lunchorder,30,449,1
649,lunchdelivery,30,450,1
126,saladinajar,30,452,1
108,healthy,30,453,1
184,goodeating,30,454,1
388,convenient,30,455,1
277,shakewell,30,456,1
63,enjoy,30,457,1
28,yummy,30,458,1
266,food,30,459,1
149,weightwatchers,30,461,1
342,weightloss,30,462,1
536,myweightlossjourney,30,464,1
99,strong,30,465,1
852,propoints,30,468,1
269,chickenbreast,30,471,1
108,Healthy,30,472,1
431,TryingToBeHealthy,30,473,1
291,freshmozzerella,30,474,1
293,goodtime,30,475,1
373,friends,30,476,1
436,amazing,30,477,1
68,bacon,30,478,1
698,nandos,31,479,2
176,foodie,31,480,2
621,NomNom,31,481,2
282,saladoftheday,31,482,1
868,portuguesechicken,31,483,1
169,portuguese,31,484,1
28,yummy,31,485,1
623,lunchtime,31,486,1
108,healthy,31,487,1
529,portuguesechickensalad,31,488,1
689,roast beef,32,489,1
582,beetroot,32,490,1
164,salad,32,491,1
584,beef,32,492,1
12,parmesan,32,493,1
363,spinach,32,494,1
195,dressing,32,496,1
674,olive oil,32,497,1
757,balsamic vinegar,32,498,1
346,garlic,32,499,1
865,mustard,32,500,1
64,pork,33,501,2
337,chilli,33,502,2
256,avocado,33,503,2
241,orange,33,504,1
413,mint,33,505,1
708,onion,33,506,1
674,olive oil,33,507,1
164,salad,33,508,1
64,pork,34,509,1
385,thai,34,510,1
822,thai pork,34,511,1
513,noodle,34,512,1
164,salad,34,513,1
565,peanut oil,34,514,1
626,fish sauce,34,515,1
201,lime juice,34,516,1
474,sugar,34,517,1
346,garlic,34,518,1
407,ginger,34,519,1
486,lime leaves,34,520,1
183,beansprouts,34,521,1
619,capsicum,34,522,1
380,vermicelli,34,523,1
413,mint,34,524,1
821,coriander,34,525,1
851,lemon,35,526,2
337,chilli,35,527,2
463,chicken,35,528,2
58,skewers,35,529,2
573,lemonandchillichicken,35,530,1
80,SweetMashedPotatao,35,531,1
351,MixedSalad,35,532,1
384,DinnerForTwo ,35,533,1
712,SweetMashPotatoe,35,534,1
591,MeNuhWatless,35,535,1
432,GotThisInTheBag,35,536,1
139,GettingMyGourmetOrrn,35,537,1
328,rackveal,36,538,2
452,seeded-mustard,36,539,2
483,pumpkin,36,540,2
769,dinner,36,541,1
294,roasted,36,542,1
537,omg,36,543,1
708,onions,36,544,1
779,carrots,36,545,1
717,italian,37,547,2
688,lambcasserole,37,548,2
445,casserole,37,549,2
644,greenbeans,37,550,1
365,calories,37,551,1
215,alibaba,37,552,1
28,yummy,37,553,1
466,celery,37,554,1
657,red wine,37,555,1
61,rack,38,557,2
190,lamb,38,558,2
824,vegetables,38,559,2
20,bakedrackoflamb,38,560,1
348,veggies,38,561,1
266,food,38,562,1
108,healthy,38,563,1
292,castiron skillet,38,564,1
180,rackoflamb,38,565,1
283,meat,38,566,1
833,putitinmymouth,38,567,1
260,delicious,38,568,1
28,yummy,38,569,1
345,yum,38,570,1
125,family,38,571,1
556,familyfirst,38,572,1
179,sogood,38,573,1
769,dinner,38,574,1
816,eat,38,576,1
609,asparagus,38,577,1
346,garlic,38,578,1
130,mashedpotatoes,38,579,1
220,tomatoes,38,580,1
483,pumpkin,39,581,2
363,spinach,39,582,2
295,frittata,39,583,2
442,seafood,39,584,1
208,pizza,39,585,1
170,lawrencefamilychristmas2013,39,586,1
596,pumpkinandspinach,39,587,1
115,lasagne,39,588,1
846,madefromscratch,39,589,1
701,homemade,39,590,1
863,sundaycookup,39,591,1
814,spicy,39,592,1
263,nom,39,593,1
226,greek,40,594,2
190,lamb,40,595,2
117,kebabs,40,596,2
354,tzatziki,40,597,2
507,greeklambkebabs,40,598,1
47,cooking,40,601,1
176,foodie,40,602,1
266,food,40,603,1
703,chickenkebabs,40,605,1
351,mixedsalad,40,606,1
256,avocado,40,607,1
812,silverbeet,40,608,1
243,chickpeas,40,609,1
321,healthyeats,40,610,1
873,whatadifference,40,611,1
274,lunch,40,612,1
512,stumps,40,613,1
46,fam,40,615,1
421,polenta-crumbed lamb,41,616,1
478,polenta,41,617,1
190,lamb,41,618,1
423,zucchini,41,619,1
265,feta,41,620,1
233,egg,41,621,1
485,wholemeal flour,41,622,1
587,parsley,41,623,1
674,olive oil,41,625,1
220,tomato,41,627,1
708,onion,41,628,1
593,basil,41,629,1
442,seafood,42,630,1
327,paella,42,631,1
855,saffron,42,632,1
827,paprika,42,633,1
674,olive oil,42,634,1
346,garlic,42,635,1
708,onion,42,636,1
220,tomato,42,637,1
481,rice,42,638,1
317,chicken stock,42,639,1
109,mussels,42,640,1
544,flathead,42,641,1
305,prawn,42,642,1
464,calamari,42,643,1
744,peas,42,644,1
587,parsley,42,645,1
357,black pepper,42,646,1
849,vietnamese dressing,43,647,2
672,poachedBeef,43,648,2
584,beef,43,649,2
164,salad,43,650,1
748,zest,43,651,1
104,great,43,652,1
346,garlic,43,653,1
314,lemongrass,43,654,1
672,poachedbeef,43,655,1
559,sesame,44,656,2
84,chicken rice,44,657,2
239,sprout,44,658,2
821,coriander,44,659,1
214,Chinese,44,660,1
779,carrot,44,661,1
318,skinless chicken breast,44,662,1
407,ginger,44,663,1
208,pizza,45,664,2
463,chicken,45,665,2
220,tomato,45,666,2
423,zucchini,45,667,1
189,zucchinipizza,45,668,1
90,healthyfood,45,669,1
138,healthyandtasty,45,670,1
174,cleaneating,45,671,1
756,diet,45,672,1
71,burger,46,674,1
872,wholegrain bread,46,675,1
220,tomato,46,676,1
476,cucumber,46,677,1
164,salad,46,678,1
582,beetroot,46,679,1
584,beef,46,682,1
708,onion,46,683,1
720,oregano,46,684,1
865,mustard,46,685,1
587,parsley,46,686,1
483,pumpkin,47,687,1
246,butternut,47,688,1
821,coriander,47,689,1
168,soup,47,690,1
463,chicken,47,691,1
95,water,47,692,1
779,carrot,47,693,1
466,celery,47,694,1
346,garlic,47,695,1
827,paprika,47,696,1
639,turmeric,47,697,1
506,nutmeg,47,698,1
463,chicken,48,699,2
338,tortillas,48,700,2
294,roasted,48,701,2
103,corn salsa,48,702,2
408,chickentortillas,48,703,1
574,wrap,48,705,1
824,vegetables,48,707,1
348,veggies,48,708,1
266,food,48,709,1
837,tasty,48,710,1
69,lovetoeat,48,711,1
116,love,48,712,1
104,great,48,713,1
381,paris,48,714,1
67,france,48,715,1
686,easy,48,716,1
206,simple,48,717,1
496,grilledcorncakes,48,718,1
844,blackbeans,48,719,1
218,salsa,48,720,1
394,sourcream,48,721,1
48,cheesecakefactory,48,722,1
217,tacos,48,723,1
853,tacotown,48,724,1
511,tacolovers,48,725,1
24,tacoadventurers,48,726,1
176,foodies,48,727,1
656,foodadventure,48,728,1
769,dinner,48,729,1
260,delicious,48,730,1
772,stir-fried,49,731,2
337,chilli,49,732,2
763,plum,49,733,2
464,calamari,49,734,1
297,crunchy,49,736,1
164,salad,49,737,1
22,peanut,49,738,1
562,oyster sauce,49,739,1
718,beefspinach,50,740,2
709,japanesefood,50,741,2
716,kareiya,50,742,2
274,lunch,50,743,1
484,latelunch,50,744,1
483,pumpkin,50,745,1
526,instafood,50,746,1
824,vegetables,51,748,1
378,mediterranean,51,749,1
259,ricotta,51,750,1
619,capsicum,51,751,1
423,zucchini,51,752,1
561,eggplant,51,753,1
674,olive oil,51,754,1
346,garlic,51,755,1
708,onion,51,756,1
220,tomato,51,757,1
593,basil,51,758,1
428,salmon,52,760,1
451,grilled salmon,52,761,1
162,grilled,52,762,1
587,parsley,52,763,1
609,asparagus,52,764,1
483,pumpkin,52,765,1
246,butternut,52,766,1
674,olive oil,52,767,1
309,lime wedges,52,768,1
406,meatballs,53,769,2
814,spicy,53,770,2
617,balado,53,771,1
200,hot,53,772,1
28,yummy,53,774,1
533,chili,53,775,1
260,delicious,53,776,1
837,tasty,53,777,1
816,eat,53,778,1
526,instafood,53,779,1
427,ginger chicken,54,780,2
628,sesamebokchoy,54,781,2
559,sesame,54,782,2
8,withnoddles,54,783,1
37,homecook,54,784,1
214,chinese,54,785,1
801,brazilian,54,786,1
97,foodlover,54,787,1
769,dinner,54,788,1
802,gingerchicken,54,789,1
374,veal rolls,55,790,2
220,tomato,55,791,2
657,red wine,55,792,2
571,foodforautumn,55,793,1
395,autumn,55,794,1
518,beanandmushroomsoup,55,795,1
197,threecheeseandspinachcannelloni,55,796,1
366,vealrolls,55,797,1
832,wineforall,55,798,1
310,newspecials,55,799,1
479,romanticinns,55,800,1
457,moroccan,56,801,2
78,moroccanlamb,56,802,2
357,black pepper,56,803,2
756,diet,56,804,1
391,melbourne,56,805,1
190,lamb,56,806,1
294,roasted,56,807,1
83,mild paprika,56,808,1
559,sesame,57,810,1
155,tofu,57,811,1
600,mushrooms,57,812,1
10,asian,57,813,1
674,olive oil,57,814,1
389,shiitake mushrooms,57,815,1
285,enoki mushrooms,57,816,1
501,oyster mushrooms,57,817,1
346,garlic,57,818,1
322,soy sauce,57,819,1
824,vegetable,57,820,1
708,onion,57,821,1
379,cornflour,57,822,1
95,water,57,823,1
821,coriander,57,824,1
428,salmon,58,825,1
661,broccoli,58,826,1
862,tart,58,827,1
674,olive oil,58,828,1
860,leek,58,829,1
346,garlic,58,830,1
677,cheddar,58,831,1
233,eggs,58,832,1
15,milk,58,833,1
144,yoghurt,58,834,1
835,dill,58,835,1
510,steamed,59,836,2
428,salmon,59,837,2
385,thai,59,838,2
41,steamedsalmon,59,839,1
453,sweetpotatoes,59,840,1
588,steamingawayslowly,59,841,1
422,seasoned,59,843,1
803,chilliflakes,59,844,1
738,celerysalt,59,845,1
433,freshingredients,59,846,1
407,ginger,59,847,1
346,garlic,59,848,1
448,postkettlebells,59,849,1
612,brunch,59,850,1
869,chocoliciouslifestyle,59,851,1
303,fish,59,852,1
634,protein,59,853,1
767,shrimps,59,854,1
630,sardines,59,855,1
580,roastedasparagus,59,856,1
644,greenbeans,59,857,1
686,easy,59,858,1
710,incredibly,59,859,1
800,delicious!,59,860,1
551,healthymeals,59,861,1
210,healthyrecipes,59,862,1
185,instagramfood,59,863,1
75,foodspiration,59,864,1
560,cod,60,865,1
708,onion,60,866,1
788,soy,60,867,1
363,spinach,60,868,1
407,ginger,60,869,1
322,soy sauce,60,870,1
821,coriander,60,871,1
309,lime wedges,60,872,1
190,lamb,61,873,2
783,loin,61,874,2
768,chops,61,875,2
10,asian,61,876,2
401,coleslaw,61,877,2
288,lambloinchops,61,878,1
114,newyorkstrip,61,879,1
707,steamedbroccoli,61,880,1
6,leanprotein,61,881,1
799,leanonlamb,61,882,1
283,meat,61,883,1
519,redmeat,61,884,1
260,delicious,61,885,1
597,healthylifestyle,61,886,1
592,eatlamb,61,887,1
848,ilovelamb,61,888,1
842,paleolifestyle,61,889,1
458,paleoeats,61,890,1
192,paleo,61,891,1
552,paleorecipes,61,892,1
777,primal,61,893,1
339,primaldiet,61,894,1
325,livemas,61,895,1
96,glutenfree,61,896,1
425,sugarfree,61,897,1
733,dairyfree,61,898,1
64,pork,62,899,1
708,onion,62,900,1
117,kebabs,62,901,1
508,MARINADE,62,902,1
284,thyme,62,903,1
674,olive oil,62,904,1
241,orange,62,905,1
557,honey,62,906,1
851,lemon,62,907,1
346,garlic,62,908,1
168,soup,63,909,2
713,lamb shank,63,910,2
345,yum,63,911,2
572,lambshanksoup,63,912,1
10,asian,63,913,1
837,tasty,63,914,1
196,bestlove,63,915,1
769,dinner,63,916,1
157,warm,64,918,2
883,warmchickensalad,64,919,2
454,wifeme,64,920,2
142,dontbejealous,64,921,1
260,delicious,64,922,1
225,cantgetenough,64,923,1
655,delightful,64,924,1
769,dinner,64,925,1
584,beef,65,927,2
815,potato,65,928,2
605,pie,65,929,2
516,beefandpotatopie,65,930,2
222,mushypeas,65,931,1
94,potatochips,65,932,1
740,comfortfood,65,933,1
323,winterfood,65,934,1
4,yorkshire,65,935,1
319,bestpieinyorkshire,65,936,1
28,yummy,65,937,1
751,restdaycooking,65,938,1
769,dinner,65,939,1
697,loveforcheese,65,941,1
219,chickenandhamtanglepie,65,943,1
418,bakinggalore,65,944,1
416,cookingfrenzie,65,945,1
382,feedthehusband,65,946,1
516,BeefandPotatoPie,65,947,1
211,foodporn,65,948,1
456,cheap,65,949,1
651,bali,65,952,1
163,giliislands,65,953,1
261,holiday,65,954,1
535,currysauce,65,955,1
845,cultured,65,956,1
235,steamed bream,66,957,2
709,japanesefood,66,958,2
851,lemon,66,959,2
91,capers,66,960,1
353,hooked,66,961,1
442,seafood,66,962,1
216,englishcountryside,66,963,1
29,steamedbream,66,964,1
660,tuna,67,966,1
272,cannellini bean,67,967,1
593,basil,67,968,1
164,salad,67,969,1
39,pine nuts,67,970,1
674,olive oil,67,972,1
280,lemon juice,67,973,1
346,garlic,67,974,1
587,parsley,67,975,1
708,onion,67,976,1
18,lazysunday,68,977,2
606,togo,68,978,2
343,takeout,68,979,2
214,chinese,68,980,1
652,beefshiitake,68,981,1
600,mushroom,68,982,1
28,yummy,68,983,1
658,fatty,68,984,1
373,friends,68,985,1
796,happy,68,986,1
412,tandoori,69,988,2
634,protein,69,989,2
164,salad,69,990,2
477,eatclean,69,991,1
358,tandoorichicken,69,992,1
476,cucumber,69,993,1
795,fasting,69,994,1
821,coriander,69,995,1
642,bowl,69,996,1
220,tomatoes,70,998,2
660,tuna,70,999,2
593,basil,70,1000,2
363,spinach,70,1001,2
220,tomato,70,1002,1
603,tomatoesStuffed,70,1003,1
594,kitchen,70,1004,1
526,instafood,70,1005,1
182,crazy,70,1006,1
260,delicious,70,1007,1
398,ultimatum,70,1008,1
678,stromae,70,1009,1
145,today,70,1010,1
266,food,70,1011,1
190,lamb,71,1012,2
555,patties,71,1013,2
87,indian,71,1014,2
266,food,71,1015,1
665,indianlamb,71,1016,1
228,mango,71,1017,1
237,keema,71,1019,1
405,mince,71,1020,1
298,mincedlamb,71,1021,1
307,mincemeat,71,1022,1
283,meat,71,1023,1
238,indianfood,71,1025,1
744,peas,71,1027,1
784,indiandish,71,1028,1
769,dinner,71,1029,1
125,family,71,1031,1
47,cook,71,1032,1
70,chef,71,1033,1
190,lamb,72,1034,2
287,rosemary,72,1035,2
38,sausages,72,1036,2
256,avocado,72,1037,1
453,sweetpotato,72,1038,1
363,spinach,72,1039,1
776,cleanandlean,72,1040,1
37,HomeCooking,72,1041,1
769,Dinner,72,1042,1
266,Food,72,1043,1
788,Soy,72,1044,1
130,MashedPotatoes,72,1045,1
815,Potatoes,72,1046,1
661,Broccoli,72,1047,1
415,Blanched,72,1048,1
233,Eggs,72,1049,1
349,FriedEggs,72,1050,1
637,QuickMeal,72,1051,1
423,zucchini,73,1052,2
286,steakmushroompie,73,1053,2
413,mint,73,1054,2
605,pie,73,1055,1
144,yoghurt,73,1056,1
12,parmesan,73,1057,1
265,feta,73,1058,1
742,beef stroganoff,74,1059,1
584,beef,74,1060,1
659,vegetable oil,74,1061,1
708,onion,74,1062,1
346,garlic,74,1063,1
600,mushrooms,74,1064,1
230,beef stock,74,1065,1
270,Worcestershire sauce,74,1066,1
379,cornflour,74,1067,1
144,yoghurt,74,1068,1
587,parsley,74,1069,1
463,chicken,75,1070,1
661,broccoli,75,1071,1
619,capsicum,75,1072,1
95,water,75,1073,1
188,dry sherry,75,1074,1
322,soy sauce,75,1075,1
379,cornflour,75,1076,1
459,sesame oil,75,1077,1
565,peanut oil,75,1078,1
407,ginger,75,1079,1
346,garlic,75,1080,1
708,onion,75,1081,1
168,soup,76,1082,2
619,capsicum,76,1083,2
864,tomato soup,76,1084,2
708,onion,76,1085,1
10,asian,76,1086,1
593,basil,76,1087,1
681,redwine,76,1088,1
274,lunch,76,1089,1
315,redcapsicumsoup,76,1090,1
178,healthyfoodshare,77,1091,2
286,steakmushroompie,77,1092,2
769,dinner,77,1093,2
462,aloogobi,77,1094,1
336,yoghurtchicken,77,1095,1
537,omg,77,1096,1
645,onionbhajis,77,1097,1
469,sweetpotatochips,77,1098,1
306,wednesday,77,1099,1
64,pork,78,1101,2
220,tomato,78,1102,2
40,sage,78,1103,2
132,latedinner,78,1104,1
227,Mantrap,78,1105,1
356,lol,78,1106,1
402,yumyum,78,1107,1
468,porkloin,78,1108,1
828,candiedyams,78,1109,1
146,yellowricewithpineappleandbroccoli,78,1110,1
32,stuffing,78,1111,1
538,throwdown,78,1112,1
211,foodporn,78,1113,1
42,fat,78,1114,1
140,earlydinner,78,1115,1
397,friedrice,78,1116,1
761,marinated,78,1118,1
167,baked,78,1119,1
764,delish,78,1120,1
71,burgers,78,1122,1
840,dogs,78,1123,1
68,bacon,78,1124,1
539,spring,78,1125,1
601,fire,78,1126,1
373,friends,78,1127,1
480,foodventions,78,1128,1
701,homemade,78,1129,1
281,breaded,78,1130,1
768,chops,78,1132,1
267,flour,78,1133,1
809,eggwash,78,1134,1
595,panko,78,1135,1
687,panfried,78,1136,1
111,sriracha,78,1137,1
675,kale,78,1138,1
164,salad,78,1139,1
534,redskin,78,1141,1
130,mashedpotatoes,78,1142,1
191,headyhousewife,78,1143,1
680,bongbeauties,78,1144,1
769,dinner,78,1146,1
266,food,78,1147,1
125,family,78,1149,1
472,familydinner,78,1150,1
618,BbqSandwich,78,1151,1
624,Pollo,78,1152,1
495,CarneAsada,78,1153,1
468,PorkLoin,78,1154,1
220,Tomatoes,78,1155,1
708,Onions,78,1156,1
670,Cheese,78,1157,1
498,Bars,78,1158,1
70,Chef,78,1159,1
262,weber,78,1160,1
162,grill,78,1161,1
820,porkchop,78,1163,1
31,slowNlow,78,1165,1
760,grillon,78,1167,1
390,grillin,78,1168,1
829,bbq,78,1169,1
817,spiced,79,1170,2
190,lamb,79,1171,2
164,salad,79,1172,2
241,orange,79,1173,2
821,coriander,79,1174,2
778,red onion,79,1175,2
345,yum,79,1176,1
108,healthy,79,1177,1
387,healthyforonce,79,1178,1
764,delish,79,1179,1
149,weightwatchers,79,1180,1
342,weightloss,79,1181,1
332,weightlossjourney,79,1182,1
16,fitfam,79,1183,1
324,fitfood,79,1184,1
253,fitness,79,1185,1
683,gymfood,79,1186,1
386,postworkout,79,1187,1
794,fooddiary,79,1188,1
804,lowfat,79,1189,1
782,greeklamb,79,1190,1
542,fetta,79,1191,1
756,diet,79,1192,1
597,healthylifestyle,79,1193,1
780,kebabshop,79,1194,1
21,auckland,79,1195,1
668,colourful,79,1196,1
553,hungryme,79,1197,1
134,happylife,79,1198,1
159,betsiakebabs,79,1199,1
85,lovemylife,79,1200,1
747,mystyle,79,1201,1
145,today,79,1202,1
527,wonderfulworld,79,1203,1
621,nomnom,79,1204,1
769,dinner,79,1205,1
154,appetizer,79,1206,1
355,lusso,79,1207,1
824,vegetables,79,1208,1
28,yummy,79,1209,1
728,blessed,79,1210,1
252,thankful,79,1211,1
790,thankyoulord,79,1212,1
796,happy,79,1213,1
299,yehey,79,1214,1
116,loved,79,1215,1
814,spicy,80,1216,1
190,lamb,80,1217,1
650,ratatouille,80,1218,1
674,olive oil,80,1219,1
66,lemon wedges,80,1220,1
746,pepper,80,1221,1
821,coriander,80,1222,1
369,masala,80,1223,1
337,chilli,80,1224,1
561,eggplants,80,1225,1
708,onion,80,1226,1
346,garlic,80,1227,1
619,capsicum,80,1228,1
423,zucchini,80,1229,1
463,chicken,80,1230,1
587,parsley,80,1231,1
593,basil,80,1232,1
220,tomato,80,1233,1
823,peahamsoup,81,1234,2
286,steakmushroompie,81,1235,2
340,creamymash,81,1236,2
345,yum,81,1237,1
176,foodie,81,1238,1
530,herbs,81,1239,1
193,winter,81,1240,1
584,beef,81,1241,1
654,crusted pork,82,1243,1
64,pork,82,1244,1
514,baked apple,82,1245,1
460,fennel,82,1247,1
674,olive oil,82,1248,1
797,apples,82,1249,1
361,parsnips,82,1250,1
287,rosemary,82,1251,1
367,green beans,82,1252,1
314,lemongrass,83,1253,1
788,soy,83,1254,1
463,chicken,83,1255,1
474,sugar,83,1256,1
744,peas,83,1257,1
609,asparagus,83,1258,1
708,onion,83,1259,1
743,lime,83,1260,1
346,garlic,83,1262,1
407,ginger,83,1263,1
322,soy sauce,83,1264,1
674,olive oil,83,1265,1
417,sherry,83,1266,1
814,spicy,84,1267,2
274,lunch,84,1268,2
866,spicylambburger,84,1269,2
28,yummy,84,1270,1
655,delightful,84,1271,1
34,buddys,84,1272,1
143,Australian,84,1273,1
151,outofcontrol,84,1274,1
796,happy,84,1275,1
381,paris,85,1277,2
86,rome,85,1278,2
249,stuffedcapsicums,85,1279,2
399,delicous,85,1280,1
623,lunchtime,85,1281,1
320,health,85,1282,1
12,parmesan,85,1283,1
174,cleaneating,85,1284,1
734,wifedish,85,1285,1
851,lemon,86,1287,1
660,tuna,86,1288,1
555,patties,86,1289,1
455,cheating,86,1290,1
321,healthyeating,86,1291,1
631,lemonTuna,86,1292,1
300,foodthinking,86,1293,1
762,rocketsalad,86,1294,1
631,lemontuna,86,1295,1
699,fusion,86,1296,1
837,tasty,86,1297,1
174,cleaneating,86,1298,1
881,fresh,86,1299,1
128,fresheating,86,1300,1
714,foodtemple,86,1301,1
256,avocado,86,1302,1
116,love,86,1303,1
108,healthy,86,1304,1
679,healthylunch,86,1308,1
51,healthyliving,86,1309,1
268,workout,86,1310,1
55,trx,86,1311,1
638,trainhard,86,1312,1
568,tone,86,1313,1
253,fit,86,1314,1
253,fitness,86,1315,1
56,healthylife,86,1317,1
551,healthymeals,86,1318,1
526,instafood,86,1321,1
304,instahealth,86,1322,1
211,foodporn,86,1323,1
303,fish,86,1324,1
16,fitfam,86,1325,1
578,fitfreaks,86,1327,1
342,weightloss,86,1328,1
861,architectscook,86,1329,1
190,lamb,88,1339,2
44,saag,88,1340,2
881,fresh,88,1341,1
108,healthy,88,1342,1
260,delicious,88,1343,1
118,indiancuisine,88,1344,1
278,flavorofindia,88,1345,1
567,mulligatawnysoup,88,1346,1
203,biryani,88,1347,1
467,chickbiryani,88,1348,1
165,tikkamasala,88,1349,1
172,chickentikkamasala,88,1350,1
266,food,88,1351,1
116,love,88,1352,1
28,yummy,88,1353,1
238,indianfood,88,1354,1
814,spicy,88,1355,1
602,spicyfood,88,1356,1
87,indian,88,1358,1
723,naan,88,1359,1
837,tasty,88,1361,1
465,chickencurry,88,1362,1
765,curry,88,1363,1
1,indiancurry,88,1364,1
341,feast,88,1366,1
625,somuchfood,88,1367,1
584,beef,88,1368,1
72,butterchicken,88,1369,1
62,fatarse,88,1370,1
424,sofull,88,1371,1
203,biryani,90,1392,2
118,IndianCuisine,90,1393,2
238,IndianFood,90,1394,1
564,ChickenMasala,90,1395,1
172,ChickenTikkaMasala,90,1396,1
524,LambBiryani,90,1397,1
489,Chapatti,90,1398,1
35,BasmatiRice,90,1399,1
52,nomnomnom,90,1400,1
602,spicyfood,90,1401,1
792,HeartOfIndia,90,1402,1
524,lambbiryani,90,1403,1
44,saag,90,1405,1
786,basmati,90,1406,1
854,nan,90,1407,1
87,indian,90,1408,1
441,Mommasfood,90,1410,1
524,lambBiryani,90,1411,1
880,potatopie,90,1412,1
765,curry,90,1414,1
723,naan,90,1416,1
699,fusion,90,1417,1
28,yummy,90,1418,1
870,cookingwithlover,91,1419,2
84,chicken rice,91,1420,2
239,sprout,91,1421,2
821,coriander,91,1422,1
701,homemade,91,1423,1
779,carrot,91,1424,1
470,chickenricepaperrolls,91,1425,1
662,honeysoy,91,1426,1
788,soy,93,1438,2
813,ginger beef,93,1439,2
546,broccolini,93,1440,2
345,Yum,93,1441,1
173,GingerBeefandRice,93,1442,1
396,AlwaysEatingGood,93,1443,1
257,TrapMoney,93,1444,1
335,Nofilter,93,1445,1
437,gingerbeef,93,1446,1
274,Lunch,93,1447,1
266,food,93,1448,1
345,yum,93,1449,1
74,pineapplechicken,93,1450,1
13,ricepilof,93,1452,1
725,cucumbersalad,93,1453,1
211,foodporn,93,1454,1
179,sogood,93,1455,1
260,delicious,93,1456,1
648,lovemyjob,93,1457,1
831,goodcook,93,1458,1
695,nursinghome,93,1459,1
214,chinese,93,1460,1
301,buffet,93,1461,1
781,eggroll,93,1462,1
481,rice,93,1464,1
171,chickenchowmein,93,1465,1
113,lemonchicken,93,1466,1
45,beansauceribs,93,1467,1
610,obession,93,1468,1
2,osso bucco,94,1469,1
851,lemon,94,1470,1
587,parsley,94,1471,1
671,veal,94,1472,1
641,canola oil,94,1473,1
708,onion,94,1474,1
779,carrot,94,1475,1
466,celery,94,1476,1
346,garlic,94,1477,1
220,tomato,94,1478,1
234,wine,94,1479,1
317,chicken stock,94,1480,1
379,cornflour,94,1481,1
750,corn,95,1484,1
692,sweet,95,1485,1
141,crab,95,1486,1
168,soup,95,1487,1
659,vegetable oil,95,1488,1
708,onion,95,1489,1
466,celery,95,1490,1
346,garlic,95,1491,1
407,ginger,95,1492,1
317,chicken stock,95,1493,1
322,soy sauce,95,1494,1
821,coriander,95,1495,1
829,bbq,96,1496,2
156,bbqswordfish,96,1497,2
378,mediterranean,96,1498,2
653,swordfish,96,1499,1
722,olives,96,1500,1
587,parsley,96,1501,1
346,garlic,96,1502,1
769,dinner,96,1503,1
412,tandoori,97,1505,2
463,chicken,97,1506,2
346,garlic,97,1507,2
363,spinach,97,1508,2
358,tandoorichicken,97,1509,1
344,chickentikka,97,1510,1
238,indianfood,97,1511,1
453,sweetpotato,97,1512,1
632,avo,97,1513,1
694,greekyoghurt,97,1514,1
316,milkcherries,97,1516,1
342,weightloss,97,1517,1
841,afterbootcamp,97,1518,1
102,boxing,97,1519,1
352,bootcamp,97,1520,1
231,forestlake ,97,1521,1
602,spicyfood,97,1522,1
203,biryani,97,1523,1
136,memories,97,1524,1
622,momshomemadenaan,97,1525,1
881,fresh,97,1526,1
260,delicious,97,1527,1
772,stir-fried,98,1528,2
488,king,98,1529,2
305,prawns,98,1530,2
730,jsfood,98,1531,1
177,chips,98,1532,1
523,chickenstrips,98,1533,1
666,chickenwings,98,1534,1
199,onionrings,98,1535,1
787,lettuce,98,1536,1
250,kingprawns,98,1537,1
49,friedkingprawns,98,1538,1
245,eatingout,98,1539,1
789,foodphotography,98,1540,1
176,foodie,98,1541,1
266,food,98,1542,1
543,foodpics,98,1543,1
600,mushrooms,99,1544,1
290,goat,99,1545,1
670,cheese,99,1546,1
435,watercress,99,1547,1
851,lemon,99,1548,1
234,wine,99,1549,1
708,onions,99,1550,1
593,basil,99,1551,1
757,balsamic vinegar,99,1552,1
671,veal,100,1553,2
497,scaloppine,100,1554,2
392,caponata,100,1555,2
636,mushroomsteak,100,1556,1
682,vealscaloppine,100,1557,1
691,lygon,100,1558,1
28,yummy,100,1559,1
693,instafood ,100,1560,1
236,italiancuisine,100,1562,1
221,veal escalope,101,1563,1
671,veal,101,1564,1
460,fennel,101,1565,1
363,spinach,101,1566,1
722,olive,101,1567,1
267,flour,101,1568,1
674,olive oil,101,1569,1
708,onion,101,1570,1
851,lemon,101,1572,1
746,pepper,101,1573,1
79,sundaydinner,102,1574,2
247,perfection,102,1575,2
798,lambleg,102,1576,2
793,roastlegoflamb,102,1577,1
558,pictureoftheday,102,1578,1
528,woi,102,1579,1
345,yum,102,1580,1
375,murdered,102,1581,1
37,homecooked,102,1582,1
769,dinner,102,1583,1
220,tomato,103,1585,1
303,fish,103,1586,2
593,basil,103,1587,2
466,celery,103,1588,1
463,chicken,103,1589,1
748,zest,103,1590,1
851,lemon,103,1591,1
741,simmer,103,1592,1
739,stew,103,1593,1
661,broccoli,104,1594,1
619,capsicum,104,1595,1
879,sichuan pepper,104,1596,1
838,sirloin,104,1597,1
746,pepper,104,1598,1
659,vegetable oil,104,1599,1
459,sesame oil,104,1600,1
708,onion,104,1601,1
346,garlic,104,1602,1
322,soy sauce,104,1603,1
771,hoisin sauce,104,1604,1
95,water,104,1605,1
584,beef,105,1606,2
824,vegetable,105,1607,2
124,pasta,105,1608,2
150,penne,105,1609,1
775,beefpasta,105,1610,1
717,italian,105,1611,1
769,dinner,105,1612,1
251,happyeaster,105,1613,1
266,food,105,1614,1
548,mycook,105,1615,1
47,cooking,105,1616,1
673,taste,105,1617,1
814,spicy,105,1618,1
701,homemade,105,1619,1
274,lunch,105,1620,1
131,fussili,105,1621,1
410,beefpesto,105,1622,1
520,italia,105,1623,1
576,italiano,105,1625,1
670,Cheese,105,1627,1
77,Spaghetti,105,1628,1
584,Beef,105,1629,1
190,lamb,106,1630,2
33,kofta,106,1631,2
220,tomato,106,1632,2
164,salad,106,1633,2
608,koftakhobez,106,1634,1
205,taboulleh,106,1635,1
105,turkish,106,1636,1
457,moroccan,106,1637,1
266,food,106,1638,1
837,tasty,106,1639,1
711,lambkofta,106,1641,1
645,onionbhaji,106,1643,1
158,mintrocketandredonionsalad,106,1644,1
706,mangofriedpotato,106,1645,1
791,mintyoghurt,106,1646,1
604,curryoil,106,1647,1
108,healthy,106,1648,1
260,delicious,106,1649,1
50,synfree,106,1650,1
702,roastveg,106,1651,1
334,mybaby,107,1653,2
475,gettingstronger,107,1654,2
856,saturday,107,1655,2
735,afterwork,107,1656,1
377,amazingnight,107,1657,1
112,classicroastbeef,107,1658,1
521,best,107,1659,1
830,histreat,107,1660,1
400,2014,107,1661,1
450,shopping,107,1662,1
815,potato,108,1664,1
685,ham,108,1665,1
287,rosemary,108,1666,1
677,cheddar,108,1667,1
708,onion,108,1668,1
670,cheese,108,1669,1
463,chicken,109,1670,1
761,marinated,109,1671,1
346,garlic,109,1672,1
407,ginger,109,1673,1
708,onion,109,1674,1
821,coriander,109,1675,1
724,coconut milk,109,1676,1
626,fish sauce,109,1677,1
188,dry sherry,109,1678,1
322,soy sauce,109,1679,1
459,sesame oil,109,1680,1
333,red chilli,109,1681,1
426,bok choy,109,1682,1
821,coriander,110,1684,2
337,chilli,110,1685,2
190,lamb,110,1686,2
117,kebabs,110,1687,1
346,garlic,110,1688,1
333,red chillies,110,1689,1
684,cilantro,110,1690,1
639,turmeric,110,1691,1
463,chicken,111,1692,1
858,stuffed chicken,111,1693,1
587,parsley,111,1694,1
851,lemon,111,1695,1
39,pine nuts,111,1696,1
708,onion,111,1697,1
259,ricotta,111,1698,1
664,prosciutto,111,1699,1
685,ham,111,1700,1
674,olive oil,111,1701,1
758,sang choy,112,1702,1
89,iceberg lettuce,112,1703,1
562,oyster sauce,112,1704,1
322,soy sauce,112,1705,1
459,sesame oil,112,1706,1
379,cornflour,112,1707,1
333,red chilli,112,1708,1
233,egg,112,1709,1
674,olive oil,112,1710,1
600,mushrooms,112,1711,1
346,garlic,112,1712,1
407,ginger,112,1713,1
64,pork,112,1714,1
147,chestnuts,112,1715,1
383,rice noodles,112,1716,1
771,hoisin sauce,112,1717,1
708,onion,112,1718,1
419,greeksalad,113,1719,2
232,greece,113,1720,2
108,healthy,113,1721,2
265,feta,113,1722,1
348,veggie,113,1723,1
471,gils,113,1724,1
226,greek,113,1725,1
717,italian,114,1728,2
769,dinner,114,1729,2
727,too much,114,1730,2
876,no more,114,1731,1
23,helpme,114,1732,1
244,hearthurts,114,1733,1
179,sogood,114,1734,1
499,diabetes,114,1735,1
563,lambmeatloaf,114,1736,1
814,spicy,115,1737,2
190,lamb,115,1738,2
737,fillets,115,1739,2
546,broccolini,115,1740,2
438,spicedlamb,115,1741,1
700,meatloafsandwich,115,1742,1
731,demitasse,115,1743,1
696,victoriabc,115,1744,1
715,oakbay,115,1745,1
447,bonappetit,115,1746,1
135,stirfry,115,1748,1
749,foodie ,115,1749,1
621,nomnom,115,1751,1
260,delicious,115,1752,1
255,ilovecooking,115,1754,1
836,12wbt,115,1755,1
414,12wbtdinner,115,1756,1
137,12wbtleanandstrong,115,1757,1
769,dinner,115,1758,1
490,michellebridges,115,1759,1
690,portioncontrol,115,1760,1
209,lowcalorie,115,1761,1
811,womansweekly,115,1762,1
882,cookbook,115,1763,1
164,salad,115,1766,1
850,meatandsalad,115,1767,1
732,treatmeal,115,1768,1
108,healthy,115,1769,1
90,healthyfood,115,1770,1
321,healthyeating,115,1771,1
597,healthylifestyle,115,1772,1
753,snapper,116,1774,2
593,basil,116,1775,2
91,capers,116,1776,2
220,tomato,116,1777,2
871,JoesCrabShack,116,1778,1
819,BakedSnapper,116,1779,1
754,StuffedSnapper,116,1780,1
303,fish,116,1781,1
808,Lent,116,1782,1
166,GoodFriday,116,1783,1
368,DinnerDate,116,1784,1
242,digin,116,1785,1
819,bakedsnapper,116,1786,1
153,sauteedgreenbeans,116,1787,1
220,tomatoes,116,1788,1
646,sweetplantains,116,1789,1
442,seafood,116,1790,1
296,cheftherose,116,1791,1
198,chefdega,116,1792,1
362,stuffedwithspinach,116,1793,1
324,fitfood,116,1794,1
826,healthydinner,116,1795,1
28,yummy,116,1796,1
7,phillipisland,116,1797,1
57,goatintheboat,116,1798,1
550,cowes,116,1799,1
36,saturdaynight,116,1800,1
127,roadtrip,116,1801,1
770,daytrip,116,1802,1
643,penguinparade,116,1803,1
260,delicious,116,1805,1
345,yum,116,1806,1
161,greekcuisine,116,1807,1
226,greek,116,1808,1
491,BatteredBarrumundi,116,1809,1
120,EggplantPickle,116,1811,1
79,SundayDinner,116,1812,1
192,paleo,116,1813,1
10,asian,116,1815,1
70,chef,116,1818,1
773,foodforgrowth,116,1819,1
174,cleaneating,116,1820,1
615,opensteaksandwich,117,1821,2
847,cafe,117,1822,2
27,fatmumslim,117,1823,2
612,brunch,117,1824,1
532,familytime,117,1825,1
28,yummy,117,1826,1
818,rump steaks,117,1827,1
256,avocado,117,1828,1
757,balsamic vinegar,117,1829,1
264,good,15,1831,1
729,good2,15,1832,1
30,foodIsGood,2,1833,2
233,egg,11,1834,1
15,milk,11,1835,1
220,tomato,11,1836,1
708,onion,11,1838,1
600,mushrooms,11,1839,1
12,parmesan,11,1841,1
838,sirloin,16,1842,1
346,garlic,16,1846,1
287,rosemary,16,1847,1
582,beetroot,19,1848,1
779,carrot,19,1849,1
361,parsnip,19,1850,1
851,lemon,19,1851,1
144,yoghurt,19,1852,1
708,onion,25,1853,1
68,bacon,25,1854,1
600,mushrooms,25,1855,1
144,yoghurt,25,1856,1
865,mustard,25,1857,1
677,cheddar,25,1858,1
670,cheese,25,1859,1
220,tomato,25,1860,1
463,chicken,31,1861,1
851,lemon,31,1862,1
346,garlic,31,1863,1
337,chilli,31,1864,1
609,asparagus,31,1865,1
815,potato,31,1866,1
164,salad,31,1867,1
865,mustard,64,1868,1
346,garlic,64,1869,1
743,lime,64,1870,1
463,chicken,64,1871,1
744,peas,64,1872,1
541,arugula,64,1873,1
220,tomato,64,1874,1
256,avocado,64,1875,1
337,chilli,77,1876,1
322,soy sauce,77,1877,1
346,garlic,77,1878,1
144,yoghurt,77,1879,1
463,chicken,77,1880,1
476,cucumber,77,1881,1
220,tomato,77,1882,1
851,lemon,77,1883,1
413,mint,77,1884,1
25,humus,84,1885,1
281,bread,84,1886,1
220,tomato,84,1887,1
190,lamb,84,1888,1
708,onion,84,1889,1
337,chilli,84,1890,1
821,coriander,84,1891,1
144,yoghurt,84,1892,1
476,cucumber,84,1893,1
463,chicken,91,1894,1
481,rice,91,1895,1
493,bean,91,1896,1
413,mint,91,1897,1
746,pepper,91,1899,1
667,Char Siu,91,1901,1
407,ginger,91,1902,1
190,lamb,102,1903,1
287,rosemary,102,1904,1
851,lemon,102,1905,1
865,mustard,107,1906,1
294,roast,107,1907,1
746,pepper,107,1908,1
483,pumpkin,107,1909,1
361,parsnip,107,1910,1
493,beans,107,1911,1
746,pepper,113,1912,1
476,cucumber,113,1913,1
722,olives,113,1914,1
220,tomato,113,1915,1
708,onion,113,1916,1
851,lemon,113,1917,1
190,lamb,114,1918,1
346,garlic,114,1919,1
530,herbs,114,1920,1
220,tomato,114,1921,1
587,parsley,114,1922,1
805,wholemeal,114,1923,1
233,eggs,114,1924,1
363,spinach,114,1925,1
372,nuts,114,1926,1
509,steaks,14,1932,1
243,chickpeas,118,1933,1
884,bayleaf,118,1934,1
220,tomatoes,118,1935,1
885,oliveoil,118,1936,1
746,pepper,118,1937,1
346,garlic,118,1940,1
287,rosemary,118,1941,1
533,chili,118,1942,1
124,pasta,118,1944,1
124,pasta,119,1954,1
363,spinach,119,1955,1
886,oil,119,1956,1
885,oliveoil,119,1957,1
887,salt,119,1958,1
888,parmigiano,119,1959,-1
12,parmesan,119,1960,-1
220,tomatoes,119,1961,1
851,lemon,119,1965,1
561,eggplants,120,1973,1
885,oliveoil,120,1974,1
889,edpepperflakes,120,1975,-1
890,eggplantpasta,120,1976,-1
814,spicy,120,1977,1
891,linguine,120,1978,1
423,zucchini,121,1982,1
12,parmesan,121,1983,-1
670,cheese,121,1984,-1
746,pepper,121,1985,-1
750,corn,121,1990,-1
109,mussels,122,1992,1
885,oliveoil,122,1993,-1
107,cinnamon,122,1994,1
220,tomato,122,1995,1
720,oregano,122,1996,1
346,garlic,122,1999,1
748,zest,122,2000,1
708,onion,122,2003,-1
466,celery,122,2004,-1
481,rice,123,2005,1
851,lemon,123,2006,1
892,vanilla,123,2007,1
267,flour,123,2008,1
474,sugar,123,2009,1
893,bakingpowder,123,2010,1
894,butter,123,2011,1
474,sugar,124,2012,1
233,eggs,124,2013,1
15,milk,124,2014,1
267,flour,124,2015,1
894,butter,124,2016,1
887,salt,124,2017,1
241,orange,124,2018,1
895,chocolate,124,2019,1
233,egg,124,2020,1
886,oil,124,2021,1
463,chicken,125,2027,1
466,celery,125,2028,1
896,dicedgreenbellpepper,125,2029,1
897,hungariansweetpaprika,125,2030,-1
898,driedthymeleaves,125,2031,-1
720,oregano,125,2032,1
899,finelydicedonion,125,2034,1
900,driedbasil,125,2036,1
901,andouillesausage,125,2040,-1
902,garlicclove,125,2041,-1
267,flour,126,2042,1
474,sugar,126,2043,1
851,lemon,126,2044,1
797,apples,126,2045,1
903,dessert,126,2046,1
904,goatcheese,127,2048,-1
593,basil,127,2049,1
77,spaghetti,127,2050,1
905,cloves,127,2051,1
906,vermouth,127,2052,1
124,pasta,128,2054,1
907,cereal,128,2055,1
865,mustard,128,2056,1
908,shallot,128,2057,1
885,oliveoil,128,2058,-1
722,olives,128,2059,1
670,cheese,128,2060,-1
851,lemon,128,2062,1
476,cucumbers,128,2066,1
909,linguini,129,2077,1
593,basil,129,2078,1
910,pinenuts,129,2079,1
911,avacado,129,2080,-1
616,pesto,129,2081,1
912,lemonjuice,129,2084,1
885,oliveoil,129,2085,-1
220,tomatoes,129,2086,1
886,oil,130,2091,1
346,garlic,130,2092,-1
722,olives,130,2093,1
753,snapper,130,2094,1
91,capers,130,2095,1
220,tomatoes,130,2096,1
77,spaghetti,130,2097,1
587,parsley,130,2098,1
746,pepper,130,2099,1
670,cheese,131,2129,-1
281,bread,131,2130,-1
68,bacon,131,2132,1
913,provolone,131,2133,-1
233,eggs,131,2134,1
685,ham,131,2138,1
664,prosciutto,132,2141,1
914,taleggio,132,2142,1
915,apricot,133,2145,1
916,almonds,133,2146,1
903,dessert,133,2147,1
917,breakfast,133,2148,1
692,sweet,133,2149,1
894,butter,133,2150,1
916,almond,133,2151,1
124,pasta,134,2154,1
428,salmon,134,2155,1
746,pepper,134,2156,1
908,shallots,134,2157,-1
346,garlic,134,2158,-1
851,lemon,134,2159,1
303,fish,134,2160,1
234,wine,134,2166,1
860,leeks,135,2169,1
12,parmesan,135,2170,-1
918,scallops,135,2171,1
891,linguine,135,2172,1
919,lemonzest,135,2173,1
920,buckwheatflour,136,2178,1
921,savoycabbage,136,2179,1
815,potato,136,2180,1
894,butter,136,2181,1
346,garlic,136,2182,1
922,valtellinacasera,136,2183,1
923,granapadano,136,2184,1
746,pepper,136,2185,1
924,swisschard,136,2186,1
124,pasta,136,2187,1
233,egg,137,2199,1
925,driedoregano,137,2200,1
885,oliveoil,137,2201,1
926,breadflour,137,2202,1
927,italianstyle,137,2203,1
900,driedbasil,137,2205,1
233,egg,138,2208,1
746,pepper,138,2209,1
744,peas,138,2210,-1
928,pecorino,138,2211,-1
124,pasta,138,2212,1
746,pepper,139,2214,1
929,breadcrumbs,139,2215,-1
346,garlic,139,2216,-1
463,chicken,139,2217,1
233,eggs,139,2218,1
15,milk,139,2219,1
885,oliveoil,139,2222,1
661,broccoli,139,2223,1
887,salt,139,2224,1
267,flour,139,2228,1
885,oliveoil,140,2229,1
930,anchovy,140,2230,1
600,mushroom,140,2231,1
12,parmesan,140,2232,1
891,linguine,140,2233,1
234,wine,140,2236,1
77,spaghetti,140,2238,1
860,leek,140,2239,1
493,beans,141,2242,1
346,garlic,141,2243,1
886,oil,141,2244,1
466,celery,141,2245,1
779,carrots,141,2246,1
884,bayleaf,141,2247,1
283,meat,141,2250,1
685,ham,141,2254,1
493,beans,142,2261,1
38,sausage,142,2262,1
860,leeks,142,2263,1
746,pepper,142,2264,1
229,greens,142,2265,1
885,oliveoil,142,2269,1
886,oil,142,2270,1
363,spinach,142,2271,1
77,spaghetti,143,2277,1
423,zucchini,143,2278,1
684,cilantro,143,2281,1
821,coriander,143,2282,1
885,oliveoil,144,2285,1
124,pasta,144,2286,1
931,yogurt,144,2287,1
932,kefalotyricheese,144,2288,-1
933,pecorinoromano,144,2289,-1
708,onions,144,2290,1
934,greek-styleyogurt,144,2292,1
259,ricotta,145,2296,1
894,butter,145,2297,-1
267,flour,145,2298,-1
935,milkricotta,145,2302,-1
936,frisee,146,2305,1
12,parmesan,146,2306,1
937,speck,146,2307,-1
887,salt,146,2308,-1
886,oil,146,2309,1
938,vinegar,146,2313,-1
346,garlic,147,2315,-1
744,peas,147,2316,1
930,anchovies,147,2317,1
220,tomatoes,147,2318,1
124,pasta,147,2320,1
885,oliveoil,147,2321,1
12,parmesan,147,2322,1
287,rosemary,147,2324,-1
77,spaghetti,148,2327,1
708,onion,148,2328,-1
939,parmesancheese,148,2329,-1
940,pecorinocheese,148,2330,-1
941,pastacarbonara,148,2331,1
942,freshgreenbeans,148,2333,1
943,baconstrips,148,2334,1
483,pumpkin,149,2337,1
944,pancetta,149,2338,1
100,mozzarella,149,2339,1
933,pecorinoromano,149,2340,-1
945,fontina,149,2341,-1
946,gorgonzola,149,2342,-1
259,ricotta,149,2343,-1
947,blackpepper,149,2344,1
948,conchiglierigate,149,2345,1
949,heavycream,149,2346,-1
541,arugula,150,2352,1
722,olives,150,2353,1
950,farro,150,2354,1
746,pepper,150,2356,1
851,lemon,150,2358,-1
926,breadflour,151,2360,1
887,salt,151,2361,-1
722,olive,151,2362,1
281,bread,151,2363,1
837,tasty,151,2364,-1
474,sugar,151,2366,1
951,yeast,151,2370,-1
952,sandwich,151,2371,1
885,oliveoil,151,2373,1
953,traditional,151,2376,1
670,cheese,152,2377,-1
12,parmesan,152,2378,-1
260,delicious,152,2379,1
233,egg,152,2380,-1
746,peppers,153,2382,1
220,tomatoes,153,2383,1
423,zucchini,153,2384,1
930,anchovy,153,2385,1
885,oliveoil,153,2387,-1
561,eggplants,153,2388,-1
281,bread,154,2391,1
557,honey,154,2392,1
885,oliveoil,154,2394,1
954,sidedish,154,2395,1
233,egg,155,2398,1
887,salt,155,2399,1
955,cookies,155,2400,1
910,pinenuts,155,2401,1
916,almond,155,2402,1
474,sugar,155,2403,1
717,italian,155,2405,1
243,chickpeas,156,2407,1
220,tomatoes,156,2408,1
38,sausage,156,2409,1
708,onion,156,2410,1
287,rosemary,156,2411,1
593,basil,156,2412,1
363,spinach,156,2413,1
337,chilli,156,2417,1
600,mushrooms,157,2418,1
956,celerysalad,157,2419,1
957,oyster,157,2420,1
958,parmigianoreggianocheese,157,2421,-1
959,italianflat-leafparsley,157,2422,1
960,extravirginoliveoil,157,2423,1
961,pizzadough,158,2425,1
960,extravirginoliveoil,158,2426,1
902,garlicclove,158,2427,-1
962,redpepperflakes,158,2428,-1
963,fetacheese,158,2429,-1
964,bakedpastaandrolls,158,2430,1
953,traditional,159,2437,1
955,cookies,159,2438,1
234,wine,159,2439,1
885,oliveoil,159,2440,1
267,flour,159,2441,1
951,yeast,159,2442,-1
460,fennel,159,2443,-1
717,italian,159,2444,1
476,cucumber,160,2449,1
965,limonciello,160,2450,1
966,garnish,160,2451,-1
967,whitesugar,160,2453,1
968,lighthoney,160,2454,1
969,syrup,160,2455,1
886,oil,161,2459,1
746,pepper,161,2460,-1
708,onion,161,2462,-1
767,shrimp,161,2463,1
68,bacon,161,2464,1
220,tomatoes,161,2466,1
970,vodka,161,2470,1
894,butter,161,2472,1
233,egg,162,2473,1
346,garlic,162,2474,-1
971,redpepper,162,2476,-1
164,salad,162,2477,1
108,healthy,162,2480,-1
346,garlic,163,2481,1
220,tomato,163,2482,-1
930,anchovy,163,2483,1
460,fennel,163,2484,1
972,saladitalian,163,2485,1
746,pepper,163,2486,-1
973,baguette,164,2489,-1
974,fig,164,2490,1
975,balsamicglaze,164,2491,1
952,sandwiches,164,2492,1
837,tasty,164,2494,1
888,parmigiano,164,2495,1
894,butter,165,2498,1
259,ricotta,165,2499,1
108,healthy,165,2500,1
124,pasta,165,2501,1
708,onions,165,2503,1
587,parsley,165,2504,1
720,oregano,165,2505,-1
746,pepper,165,2506,1
220,tomatoes,165,2513,1
976,shortribmeat,166,2516,1
977,wholemilk,166,2517,1
929,breadcrumbs,166,2518,1
346,garlic,166,2519,1
978,yellowonion,166,2520,1
979,parmesanreggiano,166,2521,1
233,egg,166,2522,1
947,blackpepper,166,2523,1
980,cake,167,2534,-1
981,coconut,167,2535,1
474,sugar,167,2536,-1
982,lavender,167,2538,-1
892,vanilla,167,2539,1
15,milk,167,2541,1
983,strawberries,167,2542,-1
984,creamoftartar,167,2543,-1
559,sesame,168,2545,1
887,salt,168,2546,1
303,fish,168,2547,1
885,oliveoil,168,2548,1
886,oil,168,2549,1
220,tomatoes,168,2550,1
985,sumac,168,2551,1
708,onion,168,2555,1
346,garlic,168,2556,1
887,salt,169,2569,1
885,oliveoil,169,2570,-1
746,pepper,169,2571,1
12,parmesan,169,2572,-1
851,lemon,169,2575,1
77,spaghetti,169,2576,1
894,butter,169,2581,1
986,beefshortribs,170,2583,1
987,koshersalt,170,2584,1
885,oliveoil,170,2585,1
978,yellowonion,170,2586,-1
346,garlic,170,2587,1
287,rosemary,170,2588,1
988,dryredwine,170,2594,1
989,pignoli,171,2595,1
910,pinenuts,171,2596,1
474,sugar,171,2597,1
990,almondpaste,171,2598,1
233,eggs,171,2599,1
916,almond,171,2600,1
892,vanilla,171,2601,1
903,dessert,171,2602,1
955,cookies,171,2603,1
917,breakfast,171,2604,1
474,sugar,172,2611,-1
894,butter,172,2612,-1
233,eggs,172,2613,-1
991,rum,172,2614,-1
234,wine,172,2615,1
992,juniperberries,172,2618,1
107,cinnamon,172,2619,1
993,sour,173,2620,1
994,cream,173,2621,1
708,onion,173,2622,-1
428,salmon,173,2623,1
124,pasta,173,2624,1
995,orecchiette,173,2625,1
746,pepper,173,2626,1
476,cucumber,173,2636,-1
109,mussels,174,2637,1
460,fennel,174,2638,1
38,sausage,174,2639,-1
746,pepper,174,2640,1
908,shallot,174,2644,-1
346,garlic,174,2645,-1
996,pernod,174,2646,-1
885,oliveoil,174,2648,1
886,oil,174,2649,1
855,saffron,174,2650,-1
77,spaghetti,175,2658,1
908,shallot,175,2659,1
997,ricottacheese,175,2660,-1
851,lemon,175,2661,1
924,swisschard,175,2662,-1
124,pasta,176,2666,1
894,butter,176,2667,-1
918,scallops,176,2668,-1
746,pepper,176,2671,-1
746,peppers,176,2672,-1
77,spaghetti,177,2675,1
220,tomatoes,177,2676,1
100,mozzarella,177,2677,1
346,garlic,177,2679,-1
746,pepper,177,2682,-1
998,coarsely,177,2684,1
717,italian,177,2686,1
660,tuna,178,2687,1
303,fish,178,2688,1
851,lemon,178,2689,1
91,caper,178,2690,1
124,pasta,178,2691,1
744,peas,178,2692,-1
476,cucumber,178,2695,1
708,onion,178,2696,1
999,firstourse,178,2697,1
399,delicate,178,2706,1
584,beef,179,2707,1
38,sausage,179,2708,1
746,pepper,179,2709,1
100,mozzarella,179,2710,1
885,oliveoil,179,2711,1
220,tomatoes,179,2712,1
708,onion,179,2716,1
474,sugar,180,2720,-1
887,salt,180,2721,1
893,bakingpowder,180,2722,1
100,mozzarella,180,2723,1
670,cheese,180,2724,-1
68,bacon,180,2725,1
944,pancetta,180,2728,1
233,eggs,180,2730,1
267,flour,180,2731,1
994,cream,180,2737,1
670,cheese,181,2745,-1
40,sage,181,2746,1
904,goatcheese,181,2747,-1
837,tasty,181,2750,1
1000,lasagna,181,2751,1
746,pepper,181,2753,1
453,sweetpotato,181,2754,1
661,broccoli,182,2757,1
886,oil,182,2758,1
38,sausages,182,2759,1
259,ricotta,182,2760,-1
746,pepper,182,2761,1
851,lemon,182,2762,1
287,rosemary,182,2763,1
952,sandwich,182,2764,1
108,healthy,182,2765,1
1001,flatbread,182,2773,1
220,tomatoes,183,2775,1
886,oil,183,2776,1
708,onion,183,2778,1
1002,parmesean,183,2780,-1
38,sausage,183,2781,1
584,beef,183,2783,1
281,bread,183,2784,1
1003,marinarasauce,183,2787,1
885,oliveoil,183,2790,1
929,breadcrumbs,184,2792,1
435,watercress,184,2793,1
91,capers,184,2794,-1
938,vinegar,184,2795,1
865,mustard,184,2796,-1
1004,dijon,184,2797,-1
664,prosciutto,184,2798,-1
1005,parmiggiano,184,2799,1
108,healthy,184,2800,1
894,butter,185,2811,-1
15,milk,185,2812,1
1006,squash,185,2813,1
506,nutmeg,185,2814,1
887,salt,185,2815,1
12,parmesan,185,2816,1
1007,firstcourse,185,2817,1
767,shrimp,186,2821,1
1008,bowtiepasta,186,2822,1
904,goatcheese,186,2823,1
1009,thinly,186,2824,1
851,lemon,186,2825,1
962,redpepperflakes,186,2830,-1
124,pasta,187,2832,1
885,oliveoil,187,2833,1
886,oil,187,2834,1
884,bayleaf,187,2835,1
337,chilli,187,2836,1
746,pepper,187,2837,1
346,garlic,187,2838,1
91,capers,187,2842,1
220,tomato,188,2843,1
1010,ciabatta,188,2844,1
886,oil,188,2845,1
100,mozzarella,188,2846,1
928,pecorino,188,2847,1
281,bread,188,2848,1
685,ham,188,2849,1
708,onion,188,2856,-1
587,parsley,188,2857,1
1011,walnuts,189,2872,1
220,tomatoes,189,2873,1
100,mozzarella,189,2874,1
346,garlic,189,2875,1
593,basil,189,2876,1
887,salt,189,2877,1
746,pepper,189,2878,1
885,oliveoil,189,2879,1
886,oil,189,2880,1
12,parmesan,189,2881,1
708,onion,190,2889,-1
460,fennel,190,2890,-1
865,mustard,190,2891,-1
64,pork,190,2892,1
1012,hamburger,190,2893,1
746,peppers,190,2894,1
886,oil,190,2895,1
944,pancetta,190,2898,1
346,garlic,190,2902,-1
464,calamari,191,2912,1
884,bayleaf,191,2913,1
887,salt,191,2914,1
851,lemon,191,2915,1
885,oliveoil,191,2916,1
746,pepper,191,2917,1
938,vinegar,191,2921,1
466,celery,191,2923,1
722,olives,191,2931,-1
587,parsley,191,2932,1
886,oil,192,2935,1
220,tomatoes,192,2936,1
851,lemon,192,2937,1
124,pasta,192,2938,1
930,anchovy,192,2940,1
660,tuna,192,2941,1
303,fish,192,2944,-1
1013,eggwhites,193,2945,1
474,sugar,193,2946,1
1014,meringuefrosting,193,2947,1
100,mozzarella,194,2950,1
14,rucola,194,2951,1
885,oliveoil,194,2952,1
746,pepper,194,2953,1
1001,flatbread,194,2956,1
885,oliveoil,195,2960,-1
902,garliccloves,195,2961,-1
720,oregano,195,2964,1
851,lemon,195,2965,1
894,butter,195,2966,-1
557,honey,195,2971,-1
460,fennel,196,2973,1
708,onion,196,2974,1
346,garlic,196,2975,-1
229,greens,196,2976,-1
930,anchovy,196,2977,1
918,scallops,196,2978,-1
1015,fava,196,2981,1
233,egg,197,2983,1
903,dessert,197,2984,1
912,lemonjuice,197,2985,1
1016,figjam,197,2986,1
919,lemonzest,197,2987,1
692,sweet,197,2990,1
885,oliveoil,198,2994,1
998,coarsely,198,2995,-1
587,parsley,198,2996,1
887,salt,198,2997,1
779,carrots,198,2999,1
466,celery,198,3000,1
346,garlic,198,3002,1
68,bacon,198,3003,1
220,tomatoes,198,3004,1
746,pepper,199,3010,1
107,cinnamon,199,3012,1
885,oliveoil,199,3013,1
708,onion,199,3014,1
1017,cocoapowder,199,3017,-1
902,garlicclove,200,3018,1
664,prosciutto,200,3019,-1
1018,orechiette,200,3020,1
1019,freshmint,200,3021,1
124,pasta,200,3022,1
885,oliveoil,200,3024,1
746,pepper,200,3027,1
259,ricotta,201,3036,-1
885,oliveoil,201,3037,1
886,oil,201,3038,1
12,parmesan,201,3039,-1
506,nutmeg,201,3040,1
1007,firstcourse,201,3041,1
670,cheese,201,3042,-1
953,traditional,201,3050,1
885,oliveoil,202,3060,1
779,carrots,202,3061,-1
746,pepper,202,3062,1
887,salt,202,3063,1
720,oregano,202,3064,1
346,garlic,202,3065,-1
708,onion,202,3067,-1
660,tuna,203,3072,1
1020,redonion,203,3073,-1
1021,freshgarlic,203,3074,-1
164,salad,203,3075,-1
587,parsley,203,3076,-1
1022,tunasalad,203,3077,1
1023,tonno,203,3078,1
1024,mayonnaise,203,3082,-1
1025,cornmeal,204,3088,1
1026,pizzabread,204,3090,1
885,oliveoil,204,3091,1
887,salt,204,3092,1
746,pepper,204,3093,1
670,cheese,204,3094,1
220,tomatoes,204,3095,1
463,chicken,204,3096,1
885,oliveoil,205,3104,1
1027,fennelbulb,205,3105,1
746,pepper,205,3106,1
346,garlic,205,3110,-1
708,onion,205,3111,-1
630,sardines,205,3113,1
910,pinenuts,205,3114,1
894,butter,206,3115,1
40,sage,206,3116,1
670,cheese,206,3117,1
267,flour,207,3119,-1
95,water,207,3120,1
281,bread,207,3121,1
717,italian,207,3122,1
1028,healty,207,3123,1
837,tasty,207,3124,1
953,traditional,207,3125,1
951,yeast,207,3127,-1
887,salt,207,3129,1
1029,turkeymeat,208,3141,-1
587,parsley,208,3142,1
925,driedoregano,208,3143,1
929,breadcrumbs,208,3145,1
1013,eggwhite,208,3146,-1
902,garliccloves,208,3148,-1
466,celery,208,3149,-1
885,oliveoil,208,3154,1
708,onion,208,3155,1
1030,cauliflower,209,3156,1
124,pasta,209,3157,1
346,garlic,209,3158,-1
930,anchovy,209,3159,-1
886,oil,209,3160,1
746,pepper,209,3161,1
303,fish,209,3162,1
267,flour,210,3169,-1
746,peppers,210,3170,1
885,oliveoil,210,3171,1
233,eggs,210,3172,1
887,salt,210,3174,1
584,beef,210,3175,1
509,steak,210,3176,1
886,oil,210,3177,1
600,mushroom,211,3185,-1
68,bacon,211,3186,1
994,cream,211,3187,-1
928,pecorino,211,3188,-1
670,cheese,211,3189,-1
260,delicious,211,3190,-1
744,peas,211,3194,-1
124,pasta,211,3195,1
746,pepper,211,3202,1
837,tasty,211,3203,1
894,butter,212,3209,-1
860,leeks,212,3210,-1
124,pasta,212,3211,1
767,shrimp,212,3212,-1
1031,bambooskewers,212,3213,-1
851,lemon,212,3215,1
851,lemons,212,3218,-1
1032,lemonpepper,212,3219,-1
124,pasta,213,3220,1
68,bacon,213,3221,1
220,tomatoes,213,3222,1
1033,babyspinach,213,3223,-1
1024,mayonnaise,213,3224,-1
851,lemon,213,3225,1
164,salad,213,3229,1
1034,semolinaflour,214,3232,-1
233,eggs,214,3233,1
1035,yolk,214,3234,1
885,oliveoil,214,3235,1
1036,nettlepasta,214,3236,1
124,pasta,214,3237,1
1037,stingingnettles,214,3243,-1
1038,mediumgrain,215,3245,1
708,onion,215,3246,1
746,pepper,215,3247,1
914,taleggio,215,3248,1
670,cheese,215,3249,1
587,parsley,215,3250,1
885,oliveoil,215,3251,1
894,butter,216,3255,1
474,sugar,216,3256,1
478,polenta,216,3257,1
15,milk,216,3258,1
1039,lemoncake,216,3259,1
851,lemon,216,3261,1
980,cake,216,3263,1
916,almond,217,3264,1
892,vanilla,217,3265,1
233,egg,217,3266,1
903,dessert,217,3268,1
474,sugar,217,3270,1
233,eggs,217,3271,1
1040,frenchpastry,218,3272,1
763,plums,218,3273,1
474,sugar,218,3274,1
233,egg,218,3275,1
994,cream,218,3276,1
892,vanilla,218,3277,1
1041,quetsches,218,3278,1
692,sweet,218,3279,1
953,traditional,218,3280,1
108,healthy,218,3288,1
1042,broccolirabe,219,3307,1
910,pinenuts,219,3308,1
929,breadcrumbs,219,3309,1
885,oliveoil,219,3310,1
902,garlicclove,219,3311,1
908,shallots,219,3312,-1
630,sardines,219,3313,1
912,lemonjuice,219,3314,1
885,oliveoil,220,3322,-1
929,breadcrumbs,220,3323,-1
670,cheese,220,3324,-1
1043,frenchbread,220,3326,1
100,mozzarella,220,3328,1
220,tomatoes,220,3330,1
124,pasta,221,3331,1
229,greens,221,3332,1
885,oliveoil,221,3333,-1
233,eggs,221,3334,1
746,pepper,221,3335,1
928,pecorino,221,3336,-1
281,bread,221,3337,1
346,garlic,221,3340,1
1007,firstcourse,221,3344,1
493,beans,222,3347,1
68,bacon,222,3348,-1
220,tomatoes,222,3349,-1
924,swisschard,222,3350,1
746,pepper,222,3351,-1
708,onion,222,3353,-1
1044,peppercorns,222,3354,-1
995,orecchiette,223,3358,1
220,tomatoes,223,3359,-1
609,asparagus,223,3360,1
229,greens,223,3361,1
346,garlic,223,3362,-1
865,mustard,223,3363,1
234,wine,223,3364,1
885,oliveoil,223,3365,1
746,pepper,223,3366,1
670,cheese,224,3379,1
12,parmesan,224,3380,-1
1045,asiagocheese,224,3381,-1
886,oil,224,3382,1
887,salt,224,3383,1
708,onions,224,3384,1
708,onion,224,3387,1
885,oliveoil,224,3388,-1
1046,brie,225,3395,1
885,oliveoil,225,3397,1
746,pepper,225,3398,1
124,pasta,225,3399,1
220,tomatoes,225,3402,1
346,garlic,225,3403,-1
1007,firstcourse,225,3404,1
837,tasty,225,3405,1
1047,icecream,226,3406,1
233,eggs,226,3407,1
474,sugar,226,3408,1
916,almond,226,3409,1
903,dessert,226,3410,1
692,sweet,226,3411,1
259,ricotta,226,3412,1
260,delicious,226,3415,1
670,cheese,226,3419,1
894,butter,227,3423,-1
474,sugar,227,3424,-1
1048,ricottacream,227,3425,1
1049,apricotjam,227,3426,1
1050,almondhoney,227,3428,1
1051,pineapple,227,3429,1
949,heavycream,227,3432,1
1052,hotdogs,228,3434,-1
220,tomatoes,228,3435,1
1053,mayo,228,3436,-1
1024,mayonnaise,228,3437,-1
952,sandwich,228,3438,-1
837,tasty,228,3446,1
949,heavycream,229,3448,-1
1054,bakedpasta,229,3449,-1
1030,cauliflower,229,3450,1
902,garlicclove,229,3451,-1
1055,gruyerecheese,229,3453,-1
1056,cayennepepper,229,3454,1
1057,groundbeef,230,3455,1
708,onion,230,3456,1
595,panko,230,3457,-1
1058,mozzarellacheese,230,3458,1
1059,beefcutlet,230,3459,1
233,egg,230,3461,1
1060,whitebread,230,3465,1
885,oliveoil,231,3468,1
988,dryredwine,231,3469,1
939,parmesancheese,231,3470,-1
150,penne,231,3471,1
124,pasta,231,3472,1
962,redpepperflakes,231,3474,1
1030,cauliflower,231,3476,-1
1061,chestnutflour,232,3478,1
910,pinenuts,232,3479,1
287,rosemary,232,3480,1
1062,castagnaccio,232,3481,1
1063,italianchestnutcake,232,3482,1
1011,walnuts,232,3483,1
1064,raspberry,233,3488,1
851,lemon,233,3489,1
912,lemonjuice,233,3490,1
413,mint,233,3491,1
1065,summer,233,3492,1
1047,icecream,233,3493,1
692,sweet,233,3494,1
903,dessert,233,3495,1
609,asparagus,234,3505,1
746,pepper,234,3506,1
885,oliveoil,234,3507,1
220,tomatoes,234,3508,1
233,eggs,234,3509,1
346,garlic,234,3513,-1
1066,rigatoni,234,3514,1
593,basil,234,3518,1
1067,fusillipasta,235,3522,1
463,chicken,235,3523,1
885,oliveoil,235,3524,1
1068,bluecheese,235,3525,-1
1069,winevinegar,235,3526,1
947,blackpepper,235,3527,1
557,honey,235,3529,-1
1070,pears,235,3530,1
902,garlicclove,236,3531,1
720,oregano,236,3532,1
77,spaghetti,236,3533,1
885,oliveoil,236,3534,1
746,pepper,236,3535,1
909,linguini,236,3537,1
463,chicken,236,3538,-1
1071,freshrosemary,237,3542,1
902,garlicclove,237,3543,-1
1072,guanciale,237,3544,1
1073,lumachine,237,3545,-1
1074,organiceggs,237,3546,1
908,shallot,237,3547,1
1075,parmesan-reggianocheese,237,3548,1
267,flour,238,3551,1
1025,cornmeal,238,3552,1
887,salt,238,3553,1
894,butter,238,3554,1
474,sugar,238,3555,1
851,lemon,238,3556,1
233,eggs,238,3557,1
892,vanilla,238,3558,1
692,sweet,238,3559,1
955,cookies,238,3560,1
